0,0,0,27.0345,0.0000,0.0000,0.0000,0.0000,0.0000,469.9617
0,0,1,0.0188,0.0000,0.0000,0.0000,0.0000,0.0000,469.9408
0,0,2,0.0000,0.0000,0.0000,399.9997,0.0000,0.0000,849.9405
0,0,3,0.0000,0.0000,0.0000,0.0000,0.0000,0.0000,849.9405
0,0,4,371.6554,0.0000,0.0000,0.0000,0.0000,0.0000,436.9900
0,0,5,26.5478,0.0000,0.0000,0.0000,0.0000,0.0000,407.4925
0,0,6,20.2040,0.0000,0.0000,0.0000,0.0000,0.0000,385.0436
0,0,7,19.2886,0.0000,0.0000,0.0000,0.0000,0.0000,363.6119
0,0,8,0.0000,0.0000,0.0000,500.0000,0.0000,0.0000,838.6119
0,0,9,120.0000,0.0000,0.0000,0.0000,0.0000,0.0000,705.2785
0,0,10,500.0000,0.0000,0.0000,0.0000,0.0000,0.0000,149.7230
0,0,11,0.0000,0.0000,0.0000,0.0001,0.0000,0.0000,149.7230
0,0,12,42.3627,0.0000,0.0000,0.0000,0.0000,0.0000,102.6534
0,0,13,0.0000,0.0000,0.0000,394.7370,0.0000,0.0000,477.6535
0,0,14,0.0000,0.0000,0.0000,500.0000,0.0000,0.0000,952.6535
0,0,15,0.0000,0.0000,0.0000,45.8207,0.0000,0.0000,996.1831
0,0,16,3.3384,0.0000,0.0000,0.0000,0.0000,0.0000,992.4739
0,0,17,17.9296,0.0000,0.0000,0.0000,0.0000,0.0000,972.5521
0,0,18,10.5439,0.0000,0.0000,0.0000,0.0000,0.0000,960.8367
0,0,19,8.9010,0.0000,0.0000,0.0000,0.0000,0.0000,950.9467
0,0,20,0.0000,0.0000,0.0000,0.0000,0.0000,0.0000,950.9467
0,0,21,0.0000,0.0000,0.0000,0.0000,0.0000,0.0000,950.9467
0,0,22,0.0000,0.0000,0.0000,0.0000,0.0000,0.0000,950.9467
0,0,23,0.0000,0.0000,405.8520,0.0000,0.0000,0.0000,500.0000
0,1,0,21.3378,0.0000,0.0000,0.0000,0.0000,0.0000,476.2914
0,1,1,0.0187,0.0000,0.0000,0.0000,0.0000,0.0000,476.2706
0,1,2,0.0000,0.0000,0.0000,500.0000,0.0000,0.0000,951.2706
0,1,3,0.0000,0.0000,0.0000,0.0000,0.0000,0.0000,951.2706
0,1,4,0.0000,12.8565,0.0000,0.0000,0.0000,0.0000,936.9857
0,1,5,0.0000,10.5604,0.0000,0.0000,0.0000,0.0000,925.2520
0,1,6,0.0000,84.0988,0.0000,0.0000,0.0000,0.0000,831.8089
0,1,7,0.0000,8.0487,0.0000,0.0000,0.0000,0.0000,822.8660
0,1,8,0.0000,7.4275,0.0000,0.0000,0.0000,0.0000,814.6132
0,1,9,0.0000,500.0000,0.0000,0.0000,0.0000,0.0000,259.0577
0,1,10,0.0000,6.1700,0.0000,0.0000,0.0000,0.0000,252.2021
0,1,11,0.0000,0.0000,0.0000,0.0000,0.0001,0.0000,252.2022
0,1,12,0.0000,0.0000,0.0000,0.0000,0.0001,0.0000,252.2022
0,1,13,0.0000,0.0000,0.0000,0.0000,500.0000,0.0000,727.2022
0,1,14,0.0000,0.0000,0.0000,0.0000,0.0001,0.0000,727.2022
0,1,15,0.0000,0.0000,0.0000,0.0000,0.0001,0.0000,727.2023
0,1,16,0.0000,0.0000,0.0000,0.0000,253.9340,0.0000,968.4396
0,1,17,0.0000,0.0000,0.0000,0.0000,0.0000,0.0000,968.4396
0,1,18,0.0000,5.2951,0.0000,0.0000,0.0000,0.0000,962.5562
0,1,19,0.0000,4.6958,0.0000,0.0000,0.0000,0.0000,957.3387
0,1,20,0.0000,4.2055,0.0000,0.0000,0.0000,0.0000,952.6659
0,1,21,0.0000,3.8464,0.0000,0.0000,0.0000,0.0000,948.3922
0,1,22,0.0000,400.0001,0.0000,0.0000,0.0000,0.0000,503.9477
0,1,23,0.0000,3.5529,0.0000,0.0000,0.0000,0.0000,500.0000
0,2,0,48.3975,0.0000,0.0000,0.0000,0.0000,0.0000,446.2250
0,2,1,0.0189,0.0000,0.0000,0.0000,0.0000,0.0000,446.2040
0,2,2,0.0000,0.0000,0.0000,500.0000,0.0000,0.0000,921.2040
0,2,3,48.5046,0.0000,0.0000,0.0000,0.0000,0.0000,867.3101
0,2,4,20.9386,0.0000,0.0000,0.0000,0.0000,0.0000,844.0450
0,2,5,28.3259,0.0000,0.0000,0.0000,0.0000,0.0000,812.5718
0,2,6,141.3146,0.0000,0.0000,0.0000,0.0000,0.0000,655.5556
0,2,7,500.0000,0.0000,0.0000,0.0000,0.0000,0.0000,100.0000
0,2,8,0.0000,0.0000,0.0000,500.0000,0.0000,0.0000,575.0000
0,2,9,0.0000,0.0000,0.0000,222.2919,0.0000,0.0000,786.1773
0,2,10,110.8561,0.0000,0.0000,0.0000,0.0000,0.0000,663.0038
0,2,11,124.2035,0.0000,0.0000,0.0000,0.0000,0.0000,524.9999
0,2,12,0.0000,0.0000,0.0000,500.0000,0.0000,0.0000,999.9999
0,2,13,0.0001,0.0000,0.0000,0.0000,0.0000,0.0000,999.9999
0,2,14,98.3728,0.0000,0.0000,0.0000,0.0000,0.0000,890.6968
0,2,15,0.0000,0.0000,0.0000,110.9525,0.0000,0.0000,996.1016
0,2,16,3.2356,0.0000,0.0000,0.0000,0.0000,0.0000,992.5065
0,2,17,15.3376,0.0000,0.0000,0.0000,0.0000,0.0000,975.4648
0,2,18,408.6567,0.0000,0.0000,0.0000,0.0000,0.0000,521.4018
0,2,19,10.0930,0.0000,0.0000,0.0000,0.0000,0.0000,510.1873
0,2,20,0.0000,0.0000,0.0000,0.0000,0.0000,0.0000,510.1873
0,2,21,0.0000,0.0000,0.0000,0.0000,0.0000,0.0000,510.1873
0,2,22,0.0000,0.0000,0.0000,0.0000,0.0000,0.0000,510.1873
0,2,23,0.0000,0.0000,9.1686,0.0000,0.0000,0.0000,500.0000
1,0,0,34.4109,0.0000,0.0000,0.0000,0.0000,0.0000,461.7657
1,0,1,1.6162,0.0000,0.0000,0.0000,0.0000,0.0000,459.9699
1,0,2,0.0000,0.0000,0.0000,399.9997,0.0000,0.0000,839.9696
1,0,3,0.0000,0.0000,0.0000,0.0000,0.0000,0.0000,839.9696
1,0,4,374.8979,0.0000,0.0000,0.0000,0.0000,0.0000,423.4164
1,0,5,34.0875,0.0000,0.0000,0.0000,0.0000,0.0000,385.5415
1,0,6,25.3518,0.0000,0.0000,0.0000,0.0000,0.0000,357.3728
1,0,7,24.3644,0.0000,0.0000,0.0000,0.0000,0.0000,330.3012
1,0,8,0.0000,0.0000,0.0000,500.0000,0.0000,0.0000,805.3012
1,0,9,120.0000,0.0000,0.0000,0.0000,0.0000,0.0000,671.9678
1,0,10,500.0000,0.0000,0.0000,0.0000,0.0000,0.0000,116.4123
1,0,11,0.0000,0.0000,0.0000,0.0001,0.0000,0.0000,116.4123
1,0,12,0.0000,0.0000,0.0000,0.0001,0.0000,0.0000,116.4123
1,0,13,0.0000,0.0000,0.0000,394.7370,0.0000,0.0000,491.4124
1,0,14,0.0000,0.0000,0.0000,500.0000,0.0000,0.0000,966.4124
1,0,15,0.0000,0.0000,0.0000,28.4153,0.0000,0.0000,993.4069
1,0,16,13.1488,0.0000,0.0000,0.0000,0.0000,0.0000,978.7972
1,0,17,10.7510,0.0000,0.0000,0.0000,0.0000,0.0000,966.8516
1,0,18,7.9553,0.0000,0.0000,0.0000,0.0000,0.0000,958.0124
1,0,19,7.0307,0.0000,0.0000,0.0000,0.0000,0.0000,950.2006
1,0,20,0.0000,0.0000,0.0000,0.0000,0.0000,0.0000,950.2006
1,0,21,0.0000,0.0000,0.0000,0.0000,0.0000,0.0000,950.2006
1,0,22,0.0000,0.0000,0.0000,0.0000,0.0000,0.0000,950.2006
1,0,23,0.0000,0.0000,405.1805,0.0000,0.0000,0.0000,500.0000
1,1,0,21.5584,0.0000,0.0000,0.0000,0.0000,0.0000,476.0462
1,1,1,1.5738,0.0000,0.0000,0.0000,0.0000,0.0000,474.2976
1,1,2,0.0000,0.0000,0.0000,500.0000,0.0000,0.0000,949.2976
1,1,3,0.0000,0.0000,0.0000,0.0000,0.0000,0.0000,949.2976
1,1,4,0.0000,13.2874,0.0000,0.0000,0.0000,0.0000,934.5338
1,1,5,0.0000,10.9281,0.0000,0.0000,0.0000,0.0000,922.3915
1,1,6,0.0000,84.4136,0.0000,0.0000,0.0000,0.0000,828.5986
1,1,7,0.0000,8.2781,0.0000,0.0000,0.0000,0.0000,819.4007
1,1,8,0.0000,7.6878,0.0000,0.0000,0.0000,0.0000,810.8587
1,1,9,0.0000,500.0000,0.0000,0.0000,0.0000,0.0000,255.3031
1,1,10,0.0000,2.4670,0.0000,0.0000,0.0000,0.0000,252.5621
1,1,11,0.0000,0.0000,0.0000,0.0000,0.0001,0.0000,252.5621
1,1,12,0.0000,0.0000,0.0000,0.0000,0.0001,0.0000,252.5622
1,1,13,0.0000,0.0000,0.0000,0.0000,500.0000,0.0000,727.5622
1,1,14,0.0000,0.0000,0.0000,0.0000,0.0001,0.0000,727.5622
1,1,15,0.0000,0.0000,0.0000,0.0000,0.0001,0.0000,727.5622
1,1,16,0.0000,0.0000,0.0000,0.0000,253.9340,0.0000,968.7996
1,1,17,0.0000,0.0000,0.0000,0.0000,0.0000,0.0000,968.7995
1,1,18,0.0000,5.4045,0.0000,0.0000,0.0000,0.0000,962.7946
1,1,19,0.0000,4.7660,0.0000,0.0000,0.0000,0.0000,957.4991
1,1,20,0.0000,4.2576,0.0000,0.0000,0.0000,0.0000,952.7684
1,1,21,0.0000,3.8949,0.0000,0.0000,0.0000,0.0000,948.4407
1,1,22,0.0000,400.0001,0.0000,0.0000,0.0000,0.0000,503.9962
1,1,23,0.0000,3.5966,0.0000,0.0000,0.0000,0.0000,500.0000
1,2,0,46.9915,0.0000,0.0000,0.0000,0.0000,0.0000,447.7873
1,2,1,1.6366,0.0000,0.0000,0.0000,0.0000,0.0000,445.9688
1,2,2,0.0000,0.0000,0.0000,500.0000,0.0000,0.0000,920.9688
1,2,3,49.3397,0.0000,0.0000,0.0000,0.0000,0.0000,866.1470
1,2,4,21.0563,0.0000,0.0000,0.0000,0.0000,0.0000,842.7511
1,2,5,27.1701,0.0000,0.0000,0.0000,0.0000,0.0000,812.5622
1,2,6,141.3059,0.0000,0.0000,0.0000,0.0000,0.0000,655.5556
1,2,7,500.0000,0.0000,0.0000,0.0000,0.0000,0.0000,100.0000
1,2,8,0.0000,0.0000,0.0000,500.0000,0.0000,0.0000,575.0000
1,2,9,0.0000,0.0000,0.0000,79.5179,0.0000,0.0000,650.5420
1,2,10,49.4134,0.0000,0.0000,0.0000,0.0000,0.0000,595.6382
1,2,11,63.5745,0.0000,0.0000,0.0000,0.0000,0.0000,524.9999
1,2,12,0.0000,0.0000,0.0000,500.0000,0.0000,0.0000,999.9999
1,2,13,0.0001,0.0000,0.0000,0.0000,0.0000,0.0000,999.9999
1,2,14,142.7859,0.0000,0.0000,0.0000,0.0000,0.0000,841.3489
1,2,15,0.0000,0.0000,0.0000,158.8501,0.0000,0.0000,992.2564
1,2,16,11.6287,0.0000,0.0000,0.0000,0.0000,0.0000,979.3356
1,2,17,9.5828,0.0000,0.0000,0.0000,0.0000,0.0000,968.6880
1,2,18,406.9402,0.0000,0.0000,0.0000,0.0000,0.0000,516.5323
1,2,19,7.6962,0.0000,0.0000,0.0000,0.0000,0.0000,507.9810
1,2,20,0.0000,0.0000,0.0000,0.0000,0.0000,0.0000,507.9810
1,2,21,0.0000,0.0000,0.0000,0.0000,0.0000,0.0000,507.9810
1,2,22,0.0000,0.0000,0.0000,0.0000,0.0000,0.0000,507.9810
1,2,23,0.0000,0.0000,7.1829,0.0000,0.0000,0.0000,500.0000
2,0,0,38.4827,0.0000,0.0000,0.0000,0.0000,0.0000,457.2414
2,0,1,0.0679,0.0000,0.0000,0.0000,0.0000,0.0000,457.1660
2,0,2,0.0000,0.0000,0.0000,399.9997,0.0000,0.0000,837.1656
2,0,3,0.0000,0.0000,0.0000,0.0000,0.0000,0.0000,837.1656
2,0,4,376.5745,0.0000,0.0000,0.0000,0.0000,0.0000,418.7495
2,0,5,37.9248,0.0000,0.0000,0.0000,0.0000,0.0000,376.6109
2,0,6,28.7778,0.0000,0.0000,0.0000,0.0000,0.0000,344.6355
2,0,7,27.6696,0.0000,0.0000,0.0000,0.0000,0.0000,313.8916
2,0,8,0.0000,0.0000,0.0000,500.0000,0.0000,0.0000,788.8916
2,0,9,120.0000,0.0000,0.0000,0.0000,0.0000,0.0000,655.5582
2,0,10,500.0000,0.0000,0.0000,0.0000,0.0000,0.0000,100.0027
2,0,11,0.0000,0.0000,0.0000,0.0001,0.0000,0.0000,100.0027
2,0,12,0.0000,0.0000,0.0000,0.0001,0.0000,0.0000,100.0027
2,0,13,0.0000,0.0000,0.0000,394.7370,0.0000,0.0000,475.0028
2,0,14,0.0000,0.0000,0.0000,500.0000,0.0000,0.0000,950.0028
2,0,15,0.0000,0.0000,0.0000,52.6277,0.0000,0.0000,999.9991
2,0,16,18.2210,0.0000,0.0000,0.0000,0.0000,0.0000,979.7536
2,0,17,11.3164,0.0000,0.0000,0.0000,0.0000,0.0000,967.1799
2,0,18,8.1674,0.0000,0.0000,0.0000,0.0000,0.0000,958.1050
2,0,19,7.2201,0.0000,0.0000,0.0000,0.0000,0.0000,950.0827
2,0,20,0.0000,0.0000,0.0000,0.0000,0.0000,0.0000,950.0827
2,0,21,0.0000,0.0000,0.0000,0.0000,0.0000,0.0000,950.0827
2,0,22,0.0000,0.0000,0.0000,0.0000,0.0000,0.0000,950.0827
2,0,23,0.0000,0.0000,405.0744,0.0000,0.0000,0.0000,500.0000
2,1,0,22.9388,0.0000,0.0000,0.0000,0.0000,0.0000,474.5125
2,1,1,0.0675,0.0000,0.0000,0.0000,0.0000,0.0000,474.4375
2,1,2,0.0000,0.0000,0.0000,500.0000,0.0000,0.0000,949.4375
2,1,3,0.0000,0.0000,0.0000,0.0000,0.0000,0.0000,949.4375
2,1,4,0.0000,13.9705,0.0000,0.0000,0.0000,0.0000,933.9147
2,1,5,0.0000,11.4270,0.0000,0.0000,0.0000,0.0000,921.2182
2,1,6,0.0000,84.8216,0.0000,0.0000,0.0000,0.0000,826.9719
2,1,7,0.0000,8.6445,0.0000,0.0000,0.0000,0.0000,817.3669
2,1,8,0.0000,7.9161,0.0000,0.0000,0.0000,0.0000,808.5713
2,1,9,0.0000,500.0000,0.0000,0.0000,0.0000,0.0000,253.0157
2,1,10,0.0000,0.0000,0.0000,0.0000,0.0001,0.0000,253.0158
2,1,11,0.0000,0.0000,0.0000,0.0000,0.0001,0.0000,253.0158
2,1,12,0.0000,0.0000,0.0000,0.0000,0.0001,0.0000,253.0158
2,1,13,0.0000,0.0000,0.0000,0.0000,500.0000,0.0000,728.0158
2,1,14,0.0000,0.0000,0.0000,0.0000,0.0001,0.0000,728.0159
2,1,15,0.0000,0.0000,0.0000,0.0000,0.0001,0.0000,728.0159
2,1,16,0.0000,0.0000,0.0000,0.0000,253.9340,0.0000,969.2532
2,1,17,0.0000,0.0000,0.0000,0.0000,0.0000,0.0000,969.2532
2,1,18,0.0000,5.5170,0.0000,0.0000,0.0000,0.0000,963.1232
2,1,19,0.0000,4.8641,0.0000,0.0000,0.0000,0.0000,957.7187
2,1,20,0.0000,4.3375,0.0000,0.0000,0.0000,0.0000,952.8993
2,1,21,0.0000,3.9594,0.0000,0.0000,0.0000,0.0000,948.5001
2,1,22,0.0000,400.0001,0.0000,0.0000,0.0000,0.0000,504.0556
2,1,23,0.0000,3.6500,0.0000,0.0000,0.0000,0.0000,500.0000
2,2,0,47.6604,0.0000,0.0000,0.0000,0.0000,0.0000,447.0440
2,2,1,0.0680,0.0000,0.0000,0.0000,0.0000,0.0000,446.9685
2,2,2,0.0000,0.0000,0.0000,500.0000,0.0000,0.0000,921.9685
2,2,3,49.7002,0.0000,0.0000,0.0000,0.0000,0.0000,866.7461
2,2,4,21.4402,0.0000,0.0000,0.0000,0.0000,0.0000,842.9237
2,2,5,26.8424,0.0000,0.0000,0.0000,0.0000,0.0000,813.0988
2,2,6,141.7889,0.0000,0.0000,0.0000,0.0000,0.0000,655.5556
2,2,7,500.0000,0.0000,0.0000,0.0000,0.0000,0.0000,100.0000
2,2,8,0.0000,0.0000,0.0000,500.0000,0.0000,0.0000,575.0000
2,2,9,0.0000,0.0000,0.0000,119.4591,0.0000,0.0000,688.4862
2,2,10,61.2881,0.0000,0.0000,0.0000,0.0000,0.0000,620.3883
2,2,11,85.8496,0.0000,0.0000,0.0000,0.0000,0.0000,524.9999
2,2,12,0.0000,0.0000,0.0000,500.0000,0.0000,0.0000,999.9999
2,2,13,0.0001,0.0000,0.0000,0.0000,0.0000,0.0000,999.9998
2,2,14,0.0002,0.0000,0.0000,0.0000,0.0000,0.0000,999.9996
2,2,15,0.0000,0.0000,0.0000,0.0003,0.0000,0.0000,999.9998
2,2,16,16.9700,0.0000,0.0000,0.0000,0.0000,0.0000,981.1443
2,2,17,10.3565,0.0000,0.0000,0.0000,0.0000,0.0000,969.6371
2,2,18,407.1612,0.0000,0.0000,0.0000,0.0000,0.0000,517.2358
2,2,19,8.0924,0.0000,0.0000,0.0000,0.0000,0.0000,508.2442
2,2,20,0.0000,0.0000,0.0000,0.0000,0.0000,0.0000,508.2442
2,2,21,0.0000,0.0000,0.0000,0.0000,0.0000,0.0000,508.2442
2,2,22,0.0000,0.0000,0.0000,0.0000,0.0000,0.0000,508.2442
2,2,23,0.0000,0.0000,7.4198,0.0000,0.0000,0.0000,500.0000
3,0,0,31.4495,0.0000,0.0000,0.0000,0.0000,0.0000,465.0561
3,0,1,0.0547,0.0000,0.0000,0.0000,0.0000,0.0000,464.9953
3,0,2,0.0000,0.0000,0.0000,399.9997,0.0000,0.0000,844.9950
3,0,3,0.0000,0.0000,0.0000,0.0000,0.0000,0.0000,844.9950
3,0,4,373.6599,0.0000,0.0000,0.0000,0.0000,0.0000,429.8174
3,0,5,30.8263,0.0000,0.0000,0.0000,0.0000,0.0000,395.5659
3,0,6,23.2471,0.0000,0.0000,0.0000,0.0000,0.0000,369.7358
3,0,7,22.3089,0.0000,0.0000,0.0000,0.0000,0.0000,344.9482
3,0,8,0.0000,0.0000,0.0000,500.0000,0.0000,0.0000,819.9482
3,0,9,120.0000,0.0000,0.0000,0.0000,0.0000,0.0000,686.6149
3,0,10,500.0000,0.0000,0.0000,0.0000,0.0000,0.0000,131.0593
3,0,11,0.0000,0.0000,0.0000,0.0001,0.0000,0.0000,131.0593
3,0,12,16.7627,0.0000,0.0000,0.0000,0.0000,0.0000,112.4341
3,0,13,0.0000,0.0000,0.0000,394.7370,0.0000,0.0000,487.4342
3,0,14,0.0000,0.0000,0.0000,500.0000,0.0000,0.0000,962.4342
3,0,15,0.0000,0.0000,0.0000,24.3819,0.0000,0.0000,985.5969
3,0,16,0.0000,0.0000,0.0000,0.0001,0.0000,0.0000,985.5969
3,0,17,14.0654,0.0000,0.0000,0.0000,0.0000,0.0000,969.9688
3,0,18,9.3991,0.0000,0.0000,0.0000,0.0000,0.0000,959.5254
3,0,19,8.0480,0.0000,0.0000,0.0000,0.0000,0.0000,950.5832
3,0,20,0.0000,0.0000,0.0000,0.0000,0.0000,0.0000,950.5832
3,0,21,0.0000,0.0000,0.0000,0.0000,0.0000,0.0000,950.5832
3,0,22,0.0000,0.0000,0.0000,0.0000,0.0000,0.0000,950.5832
3,0,23,0.0000,0.0000,405.5249,0.0000,0.0000,0.0000,500.0000
3,1,0,21.0799,0.0000,0.0000,0.0000,0.0000,0.0000,476.5779
3,1,1,0.0544,0.0000,0.0000,0.0000,0.0000,0.0000,476.5174
3,1,2,0.0000,0.0000,0.0000,500.0000,0.0000,0.0000,951.5174
3,1,3,0.0000,0.0000,0.0000,0.0000,0.0000,0.0000,951.5174
3,1,4,0.0000,12.8836,0.0000,0.0000,0.0000,0.0000,937.2023
3,1,5,0.0000,10.5735,0.0000,0.0000,0.0000,0.0000,925.4540
3,1,6,0.0000,84.0648,0.0000,0.0000,0.0000,0.0000,832.0486
3,1,7,0.0000,8.0384,0.0000,0.0000,0.0000,0.0000,823.1171
3,1,8,0.0000,7.4038,0.0000,0.0000,0.0000,0.0000,814.8907
3,1,9,0.0000,500.0000,0.0000,0.0000,0.0000,0.0000,259.3352
3,1,10,0.0000,6.4014,0.0000,0.0000,0.0000,0.0000,252.2226
3,1,11,0.0000,0.0000,0.0000,0.0000,0.0001,0.0000,252.2226
3,1,12,0.0000,0.0000,0.0000,0.0000,0.0001,0.0000,252.2226
3,1,13,0.0000,0.0000,0.0000,0.0000,500.0000,0.0000,727.2226
3,1,14,0.0000,0.0000,0.0000,0.0000,0.0001,0.0000,727.2227
3,1,15,0.0000,0.0000,0.0000,0.0000,0.0001,0.0000,727.2227
3,1,16,0.0000,0.0000,0.0000,0.0000,253.9340,0.0000,968.4600
3,1,17,0.0000,0.0000,0.0000,0.0000,0.0000,0.0000,968.4600
3,1,18,0.0000,5.2971,0.0000,0.0000,0.0000,0.0000,962.5743
3,1,19,0.0000,4.7088,0.0000,0.0000,0.0000,0.0000,957.3424
3,1,20,0.0000,4.2109,0.0000,0.0000,0.0000,0.0000,952.6636
3,1,21,0.0000,3.8505,0.0000,0.0000,0.0000,0.0000,948.3854
3,1,22,0.0000,400.0001,0.0000,0.0000,0.0000,0.0000,503.9409
3,1,23,0.0000,3.5468,0.0000,0.0000,0.0000,0.0000,500.0000
3,2,0,48.1713,0.0000,0.0000,0.0000,0.0000,0.0000,446.4764
3,2,1,0.0549,0.0000,0.0000,0.0000,0.0000,0.0000,446.4154
3,2,2,0.0000,0.0000,0.0000,500.0000,0.0000,0.0000,921.4154
3,2,3,48.9028,0.0000,0.0000,0.0000,0.0000,0.0000,867.0791
3,2,4,21.2523,0.0000,0.0000,0.0000,0.0000,0.0000,843.4654
3,2,5,27.6799,0.0000,0.0000,0.0000,0.0000,0.0000,812.7100
3,2,6,141.4389,0.0000,0.0000,0.0000,0.0000,0.0000,655.5556
3,2,7,500.0000,0.0000,0.0000,0.0000,0.0000,0.0000,100.0000
3,2,8,0.0000,0.0000,0.0000,500.0000,0.0000,0.0000,575.0000
3,2,9,0.0000,0.0000,0.0000,130.9970,0.0000,0.0000,699.4472
3,2,10,71.2884,0.0000,0.0000,0.0000,0.0000,0.0000,620.2378
3,2,11,85.7142,0.0000,0.0000,0.0000,0.0000,0.0000,524.9999
3,2,12,0.0000,0.0000,0.0000,500.0000,0.0000,0.0000,999.9999
3,2,13,0.0001,0.0000,0.0000,0.0001,0.0000,0.0000,999.9999
3,2,14,149.1243,0.0000,0.0000,0.0000,0.0000,0.0000,834.3062
3,2,15,0.0000,0.0000,0.0000,156.7120,0.0000,0.0000,983.1826
3,2,16,0.0000,0.0000,0.0000,0.0001,0.0000,0.0000,983.1826
3,2,17,11.0529,0.0000,0.0000,0.0000,0.0000,0.0000,970.9016
3,2,18,407.5241,0.0000,0.0000,0.0000,0.0000,0.0000,518.0971
3,2,19,8.4481,0.0000,0.0000,0.0000,0.0000,0.0000,508.7103
3,2,20,0.0000,0.0000,0.0000,0.0000,0.0000,0.0000,508.7103
3,2,21,0.0000,0.0000,0.0000,0.0000,0.0000,0.0000,508.7103
3,2,22,0.0000,0.0000,0.0000,0.0000,0.0000,0.0000,508.7103
3,2,23,0.0000,0.0000,7.8393,0.0000,0.0000,0.0000,500.0000
4,0,0,26.0546,0.0000,0.0000,0.0000,0.0000,0.0000,471.0505
4,0,1,0.9280,0.0000,0.0000,0.0000,0.0000,0.0000,470.0194
4,0,2,0.0000,0.0000,0.0000,399.9997,0.0000,0.0000,850.0191
4,0,3,0.0000,0.0000,0.0000,0.0000,0.0000,0.0000,850.0190
4,0,4,371.2428,0.0000,0.0000,0.0000,0.0000,0.0000,437.5271
4,0,5,25.7408,0.0000,0.0000,0.0000,0.0000,0.0000,408.9262
4,0,6,19.6080,0.0000,0.0000,0.0000,0.0000,0.0000,387.1396
4,0,7,18.6682,0.0000,0.0000,0.0000,0.0000,0.0000,366.3972
4,0,8,0.0000,0.0000,0.0000,500.0000,0.0000,0.0000,841.3972
4,0,9,120.0000,0.0000,0.0000,0.0000,0.0000,0.0000,708.0638
4,0,10,500.0000,0.0000,0.0000,0.0000,0.0000,0.0000,152.5082
4,0,11,0.0000,0.0000,0.0000,0.0001,0.0000,0.0000,152.5083
4,0,12,26.3409,0.0000,0.0000,0.0000,0.0000,0.0000,123.2406
4,0,13,0.0000,0.0000,0.0000,394.7370,0.0000,0.0000,498.2407
4,0,14,0.0000,0.0000,0.0000,500.0000,0.0000,0.0000,973.2407
4,0,15,0.0000,0.0000,0.0000,12.1459,0.0000,0.0000,984.7792
4,0,16,11.0962,0.0000,0.0000,0.0000,0.0000,0.0000,972.4501
4,0,17,8.1609,0.0000,0.0000,0.0000,0.0000,0.0000,963.3825
4,0,18,6.5776,0.0000,0.0000,0.0000,0.0000,0.0000,956.0741
4,0,19,6.0290,0.0000,0.0000,0.0000,0.0000,0.0000,949.3752
4,0,20,0.0000,0.0000,0.0000,0.0000,0.0000,0.0000,949.3752
4,0,21,0.0000,0.0000,0.0000,0.0000,0.0000,0.0000,949.3752
4,0,22,0.0000,0.0000,0.0000,0.0000,0.0000,0.0000,949.3752
4,0,23,0.0000,0.0000,404.4377,0.0000,0.0000,0.0000,500.0000
4,1,0,21.0508,0.0000,0.0000,0.0000,0.0000,0.0000,476.6103
4,1,1,0.9194,0.0000,0.0000,0.0000,0.0000,0.0000,475.5887
4,1,2,0.0000,0.0000,0.0000,500.0000,0.0000,0.0000,950.5887
4,1,3,0.0000,0.0000,0.0000,0.0000,0.0000,0.0000,950.5887
4,1,4,0.0000,12.8461,0.0000,0.0000,0.0000,0.0000,936.3152
4,1,5,0.0000,10.5861,0.0000,0.0000,0.0000,0.0000,924.5529
4,1,6,0.0000,84.1274,0.0000,0.0000,0.0000,0.0000,831.0780
4,1,7,0.0000,8.0398,0.0000,0.0000,0.0000,0.0000,822.1450
4,1,8,0.0000,7.4375,0.0000,0.0000,0.0000,0.0000,813.8811
4,1,9,0.0000,500.0000,0.0000,0.0000,0.0000,0.0000,258.3255
4,1,10,0.0000,5.4578,0.0000,0.0000,0.0000,0.0000,252.2613
4,1,11,0.0000,0.0000,0.0000,0.0000,0.0001,0.0000,252.2613
4,1,12,0.0000,0.0000,0.0000,0.0000,0.0001,0.0000,252.2613
4,1,13,0.0000,0.0000,0.0000,0.0000,500.0000,0.0000,727.2613
4,1,14,0.0000,0.0000,0.0000,0.0000,0.0001,0.0000,727.2614
4,1,15,0.0000,0.0000,0.0000,0.0000,0.0001,0.0000,727.2614
4,1,16,0.0000,0.0000,0.0000,0.0000,253.9340,0.0000,968.4987
4,1,17,0.0000,0.0000,0.0000,0.0000,0.0000,0.0000,968.4987
4,1,18,0.0000,5.3094,0.0000,0.0000,0.0000,0.0000,962.5994
4,1,19,0.0000,4.7174,0.0000,0.0000,0.0000,0.0000,957.3579
4,1,20,0.0000,4.2125,0.0000,0.0000,0.0000,0.0000,952.6774
4,1,21,0.0000,3.8545,0.0000,0.0000,0.0000,0.0000,948.3946
4,1,22,0.0000,400.0001,0.0000,0.0000,0.0000,0.0000,503.9501
4,1,23,0.0000,3.5552,0.0000,0.0000,0.0000,0.0000,500.0000
4,2,0,47.8056,0.0000,0.0000,0.0000,0.0000,0.0000,446.8827
4,2,1,0.9425,0.0000,0.0000,0.0000,0.0000,0.0000,445.8356
4,2,2,0.0000,0.0000,0.0000,500.0000,0.0000,0.0000,920.8356
4,2,3,48.3696,0.0000,0.0000,0.0000,0.0000,0.0000,867.0915
4,2,4,20.8033,0.0000,0.0000,0.0000,0.0000,0.0000,843.9768
4,2,5,28.3764,0.0000,0.0000,0.0000,0.0000,0.0000,812.4475
4,2,6,141.2027,0.0000,0.0000,0.0000,0.0000,0.0000,655.5556
4,2,7,500.0000,0.0000,0.0000,0.0000,0.0000,0.0000,100.0000
4,2,8,0.0000,0.0000,0.0000,500.0000,0.0000,0.0000,575.0000
4,2,9,0.0000,0.0000,0.0000,171.0890,0.0000,0.0000,737.5345
4,2,10,96.2313,0.0000,0.0000,0.0000,0.0000,0.0000,630.6108
4,2,11,95.0498,0.0000,0.0000,0.0000,0.0000,0.0000,524.9999
4,2,12,0.0000,0.0000,0.0000,500.0000,0.0000,0.0000,999.9999
4,2,13,0.0001,0.0000,0.0000,0.0000,0.0000,0.0000,999.9999
4,2,14,34.9683,0.0000,0.0000,0.0000,0.0000,0.0000,961.1463
4,2,15,0.0000,0.0000,0.0000,20.7766,0.0000,0.0000,980.8840
4,2,16,8.6990,0.0000,0.0000,0.0000,0.0000,0.0000,971.2185
4,2,17,6.8650,0.0000,0.0000,0.0000,0.0000,0.0000,963.5907
4,2,18,405.5163,0.0000,0.0000,0.0000,0.0000,0.0000,513.0171
4,2,19,6.0784,0.0000,0.0000,0.0000,0.0000,0.0000,506.2634
4,2,20,0.0000,0.0000,0.0000,0.0000,0.0000,0.0000,506.2634
4,2,21,0.0000,0.0000,0.0000,0.0000,0.0000,0.0000,506.2634
4,2,22,0.0000,0.0000,0.0000,0.0000,0.0000,0.0000,506.2634
4,2,23,0.0000,0.0000,5.6371,0.0000,0.0000,0.0000,500.0000
5,0,0,37.8306,0.0000,0.0000,0.0000,0.0000,0.0000,457.9660
5,0,1,0.0463,0.0000,0.0000,0.0000,0.0000,0.0000,457.9146
5,0,2,0.0000,0.0000,0.0000,399.9997,0.0000,0.0000,837.9142
5,0,3,0.0000,0.0000,0.0000,0.0000,0.0000,0.0000,837.9142
5,0,4,376.3867,0.0000,0.0000,0.0000,0.0000,0.0000,419.7069
5,0,5,37.0531,0.0000,0.0000,0.0000,0.0000,0.0000,378.5368
5,0,6,27.8823,0.0000,0.0000,0.0000,0.0000,0.0000,347.5565
5,0,7,26.6522,0.0000,0.0000,0.0000,0.0000,0.0000,317.9430
5,0,8,0.0000,0.0000,0.0000,500.0000,0.0000,0.0000,792.9430
5,0,9,120.0001,0.0000,0.0000,0.0000,0.0000,0.0000,659.6096
5,0,10,500.0000,0.0000,0.0000,0.0000,0.0000,0.0000,104.0540
5,0,11,0.0001,0.0000,0.0000,0.0001,0.0000,0.0000,104.0541
5,0,12,3.6484,0.0000,0.0000,0.0000,0.0000,0.0000,100.0003
5,0,13,0.0000,0.0000,0.0000,394.7370,0.0000,0.0000,475.0004
5,0,14,0.0000,0.0000,0.0000,500.0000,0.0000,0.0000,950.0004
5,0,15,0.0000,0.0000,0.0000,52.6309,0.0000,0.0000,999.9997
5,0,16,18.3574,0.0000,0.0000,0.0000,0.0000,0.0000,979.6027
5,0,17,11.2441,0.0000,0.0000,0.0000,0.0000,0.0000,967.1092
5,0,18,8.1312,0.0000,0.0000,0.0000,0.0000,0.0000,958.0746
5,0,19,7.2020,0.0000,0.0000,0.0000,0.0000,0.0000,950.0724
5,0,20,0.0000,0.0000,0.0000,0.0000,0.0000,0.0000,950.0724
5,0,21,0.0000,0.0000,0.0000,0.0000,0.0000,0.0000,950.0724
5,0,22,0.0000,0.0000,0.0000,0.0000,0.0000,0.0000,950.0724
5,0,23,0.0000,0.0000,405.0652,0.0000,0.0000,0.0000,500.0000
5,1,0,20.9984,0.0000,0.0000,0.0000,0.0000,0.0000,476.6685
5,1,1,0.0461,0.0000,0.0000,0.0000,0.0000,0.0000,476.6174
5,1,2,0.0000,0.0000,0.0000,500.0000,0.0000,0.0000,951.6174
5,1,3,0.0000,0.0000,0.0000,0.0000,0.0000,0.0000,951.6174
5,1,4,0.0000,12.8360,0.0000,0.0000,0.0000,0.0000,937.3552
5,1,5,0.0000,10.5394,0.0000,0.0000,0.0000,0.0000,925.6448
5,1,6,0.0000,84.0752,0.0000,0.0000,0.0000,0.0000,832.2279
5,1,7,0.0000,7.9707,0.0000,0.0000,0.0000,0.0000,823.3716
5,1,8,0.0000,7.4251,0.0000,0.0000,0.0000,0.0000,815.1215
5,1,9,0.0000,500.0000,0.0000,0.0000,0.0000,0.0000,259.5659
5,1,10,0.0000,6.6744,0.0000,0.0000,0.0000,0.0000,252.1499
5,1,11,0.0000,0.0001,0.0000,0.0000,0.0001,0.0000,252.1499
5,1,12,0.0000,0.0001,0.0000,0.0000,0.0001,0.0000,252.1500
5,1,13,0.0000,0.0000,0.0000,0.0000,500.0000,0.0000,727.1500
5,1,14,0.0000,0.0001,0.0000,0.0000,0.0001,0.0000,727.1500
5,1,15,0.0000,0.0001,0.0000,0.0000,0.0001,0.0000,727.1501
5,1,16,0.0000,0.0000,0.0000,0.0000,253.9340,0.0000,968.3874
5,1,17,0.0000,0.0000,0.0000,0.0000,0.0000,0.0000,968.3874
5,1,18,0.0000,5.2809,0.0000,0.0000,0.0000,0.0000,962.5197
5,1,19,0.0000,4.6811,0.0000,0.0000,0.0000,0.0000,957.3185
5,1,20,0.0000,4.1960,0.0000,0.0000,0.0000,0.0000,952.6562
5,1,21,0.0000,3.8417,0.0000,0.0000,0.0000,0.0000,948.3877
5,1,22,0.0000,400.0001,0.0000,0.0000,0.0000,0.0000,503.9432
5,1,23,0.0000,3.5489,0.0000,0.0000,0.0000,0.0000,500.0000
5,2,0,47.9984,0.0000,0.0000,0.0000,0.0000,0.0000,446.6684
5,2,1,0.0464,0.0000,0.0000,0.0000,0.0000,0.0000,446.6169
5,2,2,0.0000,0.0000,0.0000,500.0000,0.0000,0.0000,921.6169
5,2,3,49.3348,0.0000,0.0000,0.0000,0.0000,0.0000,866.8005
5,2,4,21.5536,0.0000,0.0000,0.0000,0.0000,0.0000,842.8521
5,2,5,26.9376,0.0000,0.0000,0.0000,0.0000,0.0000,812.9215
5,2,6,141.6293,0.0000,0.0000,0.0000,0.0000,0.0000,655.5556
5,2,7,500.0000,0.0000,0.0000,0.0000,0.0000,0.0000,100.0001
5,2,8,0.0000,0.0000,0.0000,500.0000,0.0000,0.0000,575.0001
5,2,9,0.0000,0.0000,0.0000,77.7279,0.0000,0.0000,648.8415
5,2,10,52.5204,0.0000,0.0000,0.0000,0.0000,0.0000,590.4855
5,2,11,58.9371,0.0000,0.0000,0.0000,0.0000,0.0000,524.9998
5,2,12,0.0000,0.0000,0.0000,500.0000,0.0000,0.0000,999.9998
5,2,13,0.0002,0.0000,0.0000,0.0001,0.0000,0.0000,999.9997
5,2,14,0.0001,0.0000,0.0000,0.0001,0.0000,0.0000,999.9996
5,2,15,0.0000,0.0000,0.0000,0.0003,0.0000,0.0000,999.9998
5,2,16,17.0914,0.0000,0.0000,0.0000,0.0000,0.0000,981.0094
5,2,17,10.3038,0.0000,0.0000,0.0000,0.0000,0.0000,969.5608
5,2,18,407.1401,0.0000,0.0000,0.0000,0.0000,0.0000,517.1829
5,2,19,8.0642,0.0000,0.0000,0.0000,0.0000,0.0000,508.2227
5,2,20,0.0000,0.0000,0.0000,0.0000,0.0000,0.0000,508.2227
5,2,21,0.0000,0.0000,0.0000,0.0000,0.0000,0.0000,508.2227
5,2,22,0.0000,0.0000,0.0000,0.0000,0.0000,0.0000,508.2227
5,2,23,0.0000,0.0000,7.4004,0.0000,0.0000,0.0000,500.0000
6,0,0,33.0054,0.0000,0.0000,0.0000,0.0000,0.0000,463.3273
6,0,1,2.9303,0.0000,0.0000,0.0000,0.0000,0.0000,460.0715
6,0,2,0.0000,0.0000,0.0000,399.9997,0.0000,0.0000,840.0712
6,0,3,0.0000,0.0000,0.0000,0.0000,0.0000,0.0000,840.0712
6,0,4,374.2323,0.0000,0.0000,0.0000,0.0000,0.0000,424.2575
6,0,5,32.9193,0.0000,0.0000,0.0000,0.0000,0.0000,387.6805
6,0,6,24.4781,0.0000,0.0000,0.0000,0.0000,0.0000,360.4827
6,0,7,23.3748,0.0000,0.0000,0.0000,0.0000,0.0000,334.5107
6,0,8,0.0000,0.0000,0.0000,500.0000,0.0000,0.0000,809.5107
6,0,9,120.0000,0.0000,0.0000,0.0000,0.0000,0.0000,676.1774
6,0,10,500.0000,0.0000,0.0000,0.0000,0.0000,0.0000,120.6218
6,0,11,0.0000,0.0000,0.0000,0.0001,0.0000,0.0000,120.6218
6,0,12,18.5596,0.0000,0.0000,0.0000,0.0000,0.0000,100.0001
6,0,13,0.0000,0.0000,0.0000,394.7369,0.0000,0.0000,475.0001
6,0,14,0.0000,0.0000,0.0000,500.0000,0.0000,0.0000,950.0001
6,0,15,0.0000,0.0000,0.0000,52.6314,0.0000,0.0000,999.9999
6,0,16,12.8452,0.0000,0.0000,0.0000,0.0000,0.0000,985.7274
6,0,17,14.1658,0.0000,0.0000,0.0000,0.0000,0.0000,969.9877
6,0,18,9.4301,0.0000,0.0000,0.0000,0.0000,0.0000,959.5098
6,0,19,8.0571,0.0000,0.0000,0.0000,0.0000,0.0000,950.5576
6,0,20,0.0000,0.0000,0.0000,0.0000,0.0000,0.0000,950.5576
6,0,21,0.0000,0.0000,0.0000,0.0000,0.0000,0.0000,950.5576
6,0,22,0.0000,0.0000,0.0000,0.0000,0.0000,0.0000,950.5576
6,0,23,0.0000,0.0000,405.5018,0.0000,0.0000,0.0000,500.0000
6,1,0,20.2102,0.0000,0.0000,0.0000,0.0000,0.0000,477.5443
6,1,1,2.7801,0.0000,0.0000,0.0000,0.0000,0.0000,474.4553
6,1,2,0.0000,0.0000,0.0000,500.0000,0.0000,0.0000,949.4553
6,1,3,0.0000,0.0000,0.0000,0.0000,0.0000,0.0000,949.4553
6,1,4,0.0000,12.6045,0.0000,0.0000,0.0000,0.0000,935.4504
6,1,5,0.0000,10.4132,0.0000,0.0000,0.0000,0.0000,923.8802
6,1,6,0.0000,84.0926,0.0000,0.0000,0.0000,0.0000,830.4440
6,1,7,0.0000,8.0120,0.0000,0.0000,0.0000,0.0000,821.5418
6,1,8,0.0000,7.4204,0.0000,0.0000,0.0000,0.0000,813.2969
6,1,9,0.0000,500.0000,0.0000,0.0000,0.0000,0.0000,257.7413
6,1,10,0.0000,5.0284,0.0000,0.0000,0.0000,0.0000,252.1542
6,1,11,0.0000,0.0000,0.0000,0.0000,0.0001,0.0000,252.1542
6,1,12,0.0000,0.0000,0.0000,0.0000,0.0001,0.0000,252.1543
6,1,13,0.0000,0.0000,0.0000,0.0000,500.0000,0.0000,727.1543
6,1,14,0.0000,0.0000,0.0000,0.0000,0.0001,0.0000,727.1543
6,1,15,0.0000,0.0000,0.0000,0.0000,0.0002,0.0000,727.1545
6,1,16,0.0000,0.0000,0.0000,0.0000,253.9340,0.0000,968.3918
6,1,17,0.0000,0.0000,0.0000,0.0000,0.0000,0.0000,968.3918
6,1,18,0.0000,5.3057,0.0000,0.0000,0.0000,0.0000,962.4966
6,1,19,0.0000,4.6766,0.0000,0.0000,0.0000,0.0000,957.3004
6,1,20,0.0000,4.1872,0.0000,0.0000,0.0000,0.0000,952.6480
6,1,21,0.0000,3.8357,0.0000,0.0000,0.0000,0.0000,948.3861
6,1,22,0.0000,400.0001,0.0000,0.0000,0.0000,0.0000,503.9416
6,1,23,0.0000,3.5474,0.0000,0.0000,0.0000,0.0000,500.0000
6,2,0,46.1951,0.0000,0.0000,0.0000,0.0000,0.0000,448.6721
6,2,1,3.0095,0.0000,0.0000,0.0000,0.0000,0.0000,445.3283
6,2,2,0.0000,0.0000,0.0000,500.0000,0.0000,0.0000,920.3283
6,2,3,49.1596,0.0000,0.0000,0.0000,0.0000,0.0000,865.7065
6,2,4,20.8015,0.0000,0.0000,0.0000,0.0000,0.0000,842.5938
6,2,5,27.1960,0.0000,0.0000,0.0000,0.0000,0.0000,812.3760
6,2,6,141.1384,0.0000,0.0000,0.0000,0.0000,0.0000,655.5556
6,2,7,500.0000,0.0000,0.0000,0.0000,0.0000,0.0000,100.0000
6,2,8,0.0000,0.0000,0.0000,500.0000,0.0000,0.0000,575.0000
6,2,9,0.0000,0.0000,0.0000,77.5697,0.0000,0.0000,648.6912
6,2,10,55.9824,0.0000,0.0000,0.0000,0.0000,0.0000,586.4885
6,2,11,55.3399,0.0000,0.0000,0.0000,0.0000,0.0000,524.9998
6,2,12,0.0000,0.0000,0.0000,500.0000,0.0000,0.0000,999.9998
6,2,13,0.0002,0.0000,0.0000,0.0000,0.0000,0.0000,999.9996
6,2,14,0.0001,0.0000,0.0000,0.0000,0.0000,0.0000,999.9995
6,2,15,0.0000,0.0000,0.0000,0.0005,0.0000,0.0000,999.9999
6,2,16,12.1151,0.0000,0.0000,0.0000,0.0000,0.0000,986.5387
6,2,17,12.5063,0.0000,0.0000,0.0000,0.0000,0.0000,972.6429
6,2,18,407.9770,0.0000,0.0000,0.0000,0.0000,0.0000,519.3351
6,2,19,9.0492,0.0000,0.0000,0.0000,0.0000,0.0000,509.2805
6,2,20,0.0000,0.0000,0.0000,0.0000,0.0000,0.0000,509.2805
6,2,21,0.0000,0.0000,0.0000,0.0000,0.0000,0.0000,509.2805
6,2,22,0.0000,0.0000,0.0000,0.0000,0.0000,0.0000,509.2805
6,2,23,0.0000,0.0000,8.3524,0.0000,0.0000,0.0000,500.0000
7,0,0,27.7770,0.0000,0.0000,0.0000,0.0000,0.0000,469.1366
7,0,1,0.0096,0.0000,0.0000,0.0000,0.0000,0.0000,469.1260
7,0,2,0.0000,0.0000,0.0000,399.9997,0.0000,0.0000,849.1257
7,0,3,0.0000,0.0000,0.0000,0.0000,0.0000,0.0000,849.1257
7,0,4,372.1408,0.0000,0.0000,0.0000,0.0000,0.0000,435.6359
7,0,5,27.2882,0.0000,0.0000,0.0000,0.0000,0.0000,405.3157
7,0,6,20.7550,0.0000,0.0000,0.0000,0.0000,0.0000,382.2546
7,0,7,19.8380,0.0000,0.0000,0.0000,0.0000,0.0000,360.2124
7,0,8,0.0000,0.0000,0.0000,500.0000,0.0000,0.0000,835.2124
7,0,9,120.0001,0.0000,0.0000,0.0000,0.0000,0.0000,701.8790
7,0,10,500.0000,0.0000,0.0000,0.0000,0.0000,0.0000,146.3235
7,0,11,0.0000,0.0000,0.0000,0.0001,0.0000,0.0000,146.3235
7,0,12,37.1620,0.0000,0.0000,0.0000,0.0000,0.0000,105.0324
7,0,13,0.0000,0.0000,0.0000,394.7370,0.0000,0.0000,480.0325
7,0,14,0.0000,0.0000,0.0000,500.0000,0.0000,0.0000,955.0325
7,0,15,0.0000,0.0000,0.0000,42.1355,0.0000,0.0000,995.0612
7,0,16,13.8733,0.0000,0.0000,0.0000,0.0000,0.0000,979.6464
7,0,17,11.1825,0.0000,0.0000,0.0000,0.0000,0.0000,967.2214
7,0,18,8.1204,0.0000,0.0000,0.0000,0.0000,0.0000,958.1987
7,0,19,7.2503,0.0000,0.0000,0.0000,0.0000,0.0000,950.1428
7,0,20,0.0000,0.0000,0.0000,0.0000,0.0000,0.0000,950.1428
7,0,21,0.0000,0.0000,0.0000,0.0000,0.0000,0.0000,950.1428
7,0,22,0.0000,0.0000,0.0000,0.0000,0.0000,0.0000,950.1428
7,0,23,0.0000,0.0000,405.1286,0.0000,0.0000,0.0000,500.0000
7,1,0,22.1726,0.0000,0.0000,0.0000,0.0000,0.0000,475.3639
7,1,1,0.0095,0.0000,0.0000,0.0000,0.0000,0.0000,475.3533
7,1,2,0.0000,0.0000,0.0000,500.0000,0.0000,0.0000,950.3533
7,1,3,0.0000,0.0000,0.0000,0.0000,0.0000,0.0000,950.3533
7,1,4,0.0000,13.2709,0.0000,0.0000,0.0000,0.0000,935.6079
7,1,5,0.0000,10.8860,0.0000,0.0000,0.0000,0.0000,923.5123
7,1,6,0.0000,84.3860,0.0000,0.0000,0.0000,0.0000,829.7501
7,1,7,0.0000,8.2733,0.0000,0.0000,0.0000,0.0000,820.5576
7,1,8,0.0000,7.6144,0.0000,0.0000,0.0000,0.0000,812.0971
7,1,9,0.0000,500.0000,0.0000,0.0000,0.0000,0.0000,256.5416
7,1,10,0.0000,3.6843,0.0000,0.0000,0.0000,0.0000,252.4479
7,1,11,0.0000,0.0000,0.0000,0.0000,0.0001,0.0000,252.4479
7,1,12,0.0000,0.0000,0.0000,0.0000,0.0001,0.0000,252.4480
7,1,13,0.0000,0.0000,0.0000,0.0000,500.0000,0.0000,727.4480
7,1,14,0.0000,0.0000,0.0000,0.0000,0.0001,0.0000,727.4480
7,1,15,0.0000,0.0000,0.0000,0.0000,0.0001,0.0000,727.4481
7,1,16,0.0000,0.0000,0.0000,0.0000,253.9340,0.0000,968.6854
7,1,17,0.0000,0.0000,0.0000,0.0000,0.0000,0.0000,968.6854
7,1,18,0.0000,5.3658,0.0000,0.0000,0.0000,0.0000,962.7234
7,1,19,0.0000,4.7495,0.0000,0.0000,0.0000,0.0000,957.4463
7,1,20,0.0000,4.2416,0.0000,0.0000,0.0000,0.0000,952.7334
7,1,21,0.0000,3.8795,0.0000,0.0000,0.0000,0.0000,948.4229
7,1,22,0.0000,400.0001,0.0000,0.0000,0.0000,0.0000,503.9784
7,1,23,0.0000,3.5806,0.0000,0.0000,0.0000,0.0000,500.0000
7,2,0,48.3046,0.0000,0.0000,0.0000,0.0000,0.0000,446.3283
7,2,1,0.0096,0.0000,0.0000,0.0000,0.0000,0.0000,446.3176
7,2,2,0.0000,0.0000,0.0000,500.0000,0.0000,0.0000,921.3176
7,2,3,48.5301,0.0000,0.0000,0.0000,0.0000,0.0000,867.3953
7,2,4,21.1179,0.0000,0.0000,0.0000,0.0000,0.0000,843.9310
7,2,5,28.1573,0.0000,0.0000,0.0000,0.0000,0.0000,812.6450
7,2,6,141.3805,0.0000,0.0000,0.0000,0.0000,0.0000,655.5556
7,2,7,500.0000,0.0000,0.0000,0.0000,0.0000,0.0000,100.0001
7,2,8,0.0000,0.0000,0.0000,500.0000,0.0000,0.0000,575.0000
7,2,9,0.0000,0.0000,0.0000,237.1984,0.0000,0.0000,800.3385
7,2,10,94.0681,0.0000,0.0000,0.0000,0.0000,0.0000,695.8184
7,2,11,153.7366,0.0000,0.0000,0.0000,0.0000,0.0000,524.9999
7,2,12,0.0000,0.0000,0.0000,500.0000,0.0000,0.0000,999.9999
7,2,13,0.0001,0.0000,0.0000,0.0001,0.0000,0.0000,999.9999
7,2,14,49.7456,0.0000,0.0000,0.0000,0.0000,0.0000,944.7270
7,2,15,0.0000,0.0000,0.0000,52.9881,0.0000,0.0000,995.0656
7,2,16,12.8289,0.0000,0.0000,0.0000,0.0000,0.0000,980.8113
7,2,17,10.1428,0.0000,0.0000,0.0000,0.0000,0.0000,969.5416
7,2,18,407.1060,0.0000,0.0000,0.0000,0.0000,0.0000,517.2016
7,2,19,8.0632,0.0000,0.0000,0.0000,0.0000,0.0000,508.2425
7,2,20,0.0000,0.0000,0.0000,0.0000,0.0000,0.0000,508.2425
7,2,21,0.0000,0.0000,0.0000,0.0000,0.0000,0.0000,508.2425
7,2,22,0.0000,0.0000,0.0000,0.0000,0.0000,0.0000,508.2425
7,2,23,0.0000,0.0000,7.4183,0.0000,0.0000,0.0000,500.0000
8,0,0,38.6241,0.0000,0.0000,0.0000,0.0000,0.0000,457.0843
8,0,1,0.4828,0.0000,0.0000,0.0000,0.0000,0.0000,456.5479
8,0,2,0.0000,0.0000,0.0000,399.9997,0.0000,0.0000,836.5476
8,0,3,0.0000,0.0000,0.0000,0.0000,0.0000,0.0000,836.5476
8,0,4,376.3823,0.0000,0.0000,0.0000,0.0000,0.0000,418.3450
8,0,5,37.9553,0.0000,0.0000,0.0000,0.0000,0.0000,376.1724
8,0,6,28.7411,0.0000,0.0000,0.0000,0.0000,0.0000,344.2379
8,0,7,27.3126,0.0000,0.0000,0.0000,0.0000,0.0000,313.8906
8,0,8,0.0000,0.0000,0.0000,500.0000,0.0000,0.0000,788.8905
8,0,9,120.0000,0.0000,0.0000,0.0000,0.0000,0.0000,655.5572
8,0,10,500.0000,0.0000,0.0000,0.0000,0.0000,0.0000,100.0016
8,0,11,0.0000,0.0000,0.0000,0.0001,0.0000,0.0000,100.0017
8,0,12,0.0008,0.0000,0.0000,0.0000,0.0000,0.0000,100.0008
8,0,13,0.0000,0.0000,0.0000,394.7369,0.0000,0.0000,475.0009
8,0,14,0.0000,0.0000,0.0000,500.0000,0.0000,0.0000,950.0009
8,0,15,0.0000,0.0000,0.0000,52.6302,0.0000,0.0000,999.9996
8,0,16,9.5104,0.0000,0.0000,0.0000,0.0000,0.0000,989.4325
8,0,17,16.2506,0.0000,0.0000,0.0000,0.0000,0.0000,971.3763
8,0,18,10.0389,0.0000,0.0000,0.0000,0.0000,0.0000,960.2220
8,0,19,8.5085,0.0000,0.0000,0.0000,0.0000,0.0000,950.7681
8,0,20,0.0000,0.0000,0.0000,0.0000,0.0000,0.0000,950.7681
8,0,21,0.0000,0.0000,0.0000,0.0000,0.0000,0.0000,950.7681
8,0,22,0.0000,0.0000,0.0000,0.0000,0.0000,0.0000,950.7681
8,0,23,0.0000,0.0000,405.6913,0.0000,0.0000,0.0000,500.0000
8,1,0,21.5356,0.0000,0.0000,0.0000,0.0000,0.0000,476.0716
8,1,1,0.4776,0.0000,0.0000,0.0000,0.0000,0.0000,475.5410
8,1,2,0.0000,0.0000,0.0000,500.0000,0.0000,0.0000,950.5410
8,1,3,0.0000,0.0000,0.0000,0.0000,0.0000,0.0000,950.5410
8,1,4,0.0000,13.1708,0.0000,0.0000,0.0000,0.0000,935.9068
8,1,5,0.0000,10.8133,0.0000,0.0000,0.0000,0.0000,923.8920
8,1,6,0.0000,84.3661,0.0000,0.0000,0.0000,0.0000,830.1519
8,1,7,0.0000,8.1931,0.0000,0.0000,0.0000,0.0000,821.0484
8,1,8,0.0000,7.6133,0.0000,0.0000,0.0000,0.0000,812.5892
8,1,9,0.0000,500.0000,0.0000,0.0000,0.0000,0.0000,257.0336
8,1,10,0.0000,4.1706,0.0000,0.0000,0.0000,0.0000,252.3997
8,1,11,0.0000,0.0000,0.0000,0.0000,0.0001,0.0000,252.3997
8,1,12,0.0000,0.0000,0.0000,0.0000,0.0001,0.0000,252.3997
8,1,13,0.0000,0.0000,0.0000,0.0000,500.0000,0.0000,727.3997
8,1,14,0.0000,0.0000,0.0000,0.0000,0.0001,0.0000,727.3998
8,1,15,0.0000,0.0000,0.0000,0.0000,0.0001,0.0000,727.3998
8,1,16,0.0000,0.0000,0.0000,0.0000,253.9340,0.0000,968.6371
8,1,17,0.0000,0.0000,0.0000,0.0000,0.0000,0.0000,968.6371
8,1,18,0.0000,5.3632,0.0000,0.0000,0.0000,0.0000,962.6781
8,1,19,0.0000,4.7337,0.0000,0.0000,0.0000,0.0000,957.4184
8,1,20,0.0000,4.2332,0.0000,0.0000,0.0000,0.0000,952.7149
8,1,21,0.0000,3.8716,0.0000,0.0000,0.0000,0.0000,948.4132
8,1,22,0.0000,400.0001,0.0000,0.0000,0.0000,0.0000,503.9687
8,1,23,0.0000,3.5718,0.0000,0.0000,0.0000,0.0000,500.0000
8,2,0,47.6701,0.0000,0.0000,0.0000,0.0000,0.0000,447.0333
8,2,1,0.4835,0.0000,0.0000,0.0000,0.0000,0.0000,446.4961
8,2,2,0.0000,0.0000,0.0000,500.0000,0.0000,0.0000,921.4961
8,2,3,49.5954,0.0000,0.0000,0.0000,0.0000,0.0000,866.3901
8,2,4,21.1828,0.0000,0.0000,0.0000,0.0000,0.0000,842.8537
8,2,5,26.8136,0.0000,0.0000,0.0000,0.0000,0.0000,813.0608
8,2,6,141.7547,0.0000,0.0000,0.0000,0.0000,0.0000,655.5556
8,2,7,500.0000,0.0000,0.0000,0.0000,0.0000,0.0000,100.0000
8,2,8,0.0000,0.0000,0.0000,500.0000,0.0000,0.0000,575.0000
8,2,9,0.0000,0.0000,0.0000,97.8222,0.0000,0.0000,667.9311
8,2,10,57.4687,0.0000,0.0000,0.0000,0.0000,0.0000,604.0771
8,2,11,71.1694,0.0000,0.0000,0.0000,0.0000,0.0000,524.9999
8,2,12,0.0000,0.0000,0.0000,500.0000,0.0000,0.0000,999.9999
8,2,13,0.0001,0.0000,0.0000,0.0000,0.0000,0.0000,999.9999
8,2,14,112.7941,0.0000,0.0000,0.0000,0.0000,0.0000,874.6731
8,2,15,0.0000,0.0000,0.0000,131.9226,0.0000,0.0000,999.9996
8,2,16,9.1085,0.0000,0.0000,0.0000,0.0000,0.0000,989.8790
8,2,17,14.1465,0.0000,0.0000,0.0000,0.0000,0.0000,974.1607
8,2,18,408.3859,0.0000,0.0000,0.0000,0.0000,0.0000,520.3987
8,2,19,9.6311,0.0000,0.0000,0.0000,0.0000,0.0000,509.6974
8,2,20,0.0000,0.0000,0.0000,0.0000,0.0000,0.0000,509.6974
8,2,21,0.0000,0.0000,0.0000,0.0000,0.0000,0.0000,509.6974
8,2,22,0.0000,0.0000,0.0000,0.0000,0.0000,0.0000,509.6974
8,2,23,0.0000,0.0000,8.7277,0.0000,0.0000,0.0000,500.0000
9,0,0,37.5130,0.0000,0.0000,0.0000,0.0000,0.0000,458.3189
9,0,1,3.3190,0.0000,0.0000,0.0000,0.0000,0.0000,454.6311
9,0,2,0.0000,0.0000,0.0000,399.9997,0.0000,0.0000,834.6308
9,0,3,0.0000,0.0000,0.0000,0.0000,0.0000,0.0000,834.6308
9,0,4,376.2386,0.0000,0.0000,0.0000,0.0000,0.0000,416.5879
9,0,5,37.7157,0.0000,0.0000,0.0000,0.0000,0.0000,374.6816
9,0,6,27.9139,0.0000,0.0000,0.0000,0.0000,0.0000,343.6661
9,0,7,26.7993,0.0000,0.0000,0.0000,0.0000,0.0000,313.8892
9,0,8,0.0000,0.0000,0.0000,500.0000,0.0000,0.0000,788.8892
9,0,9,120.0000,0.0000,0.0000,0.0000,0.0000,0.0000,655.5558
9,0,10,500.0000,0.0000,0.0000,0.0000,0.0000,0.0000,100.0003
9,0,11,0.0000,0.0000,0.0000,0.0001,0.0000,0.0000,100.0003
9,0,12,0.0001,0.0000,0.0000,0.0000,0.0000,0.0000,100.0002
9,0,13,0.0000,0.0000,0.0000,394.7369,0.0000,0.0000,475.0002
9,0,14,0.0000,0.0000,0.0000,500.0000,0.0000,0.0000,950.0002
9,0,15,0.0000,0.0000,0.0000,52.6313,0.0000,0.0000,999.9999
9,0,16,0.0001,0.0000,0.0000,0.0001,0.0000,0.0000,999.9998
9,0,17,22.8297,0.0000,0.0000,0.0000,0.0000,0.0000,974.6336
9,0,18,11.6160,0.0000,0.0000,0.0000,0.0000,0.0000,961.7270
9,0,19,9.4787,0.0000,0.0000,0.0000,0.0000,0.0000,951.1951
9,0,20,0.0000,0.0000,0.0000,0.0000,0.0000,0.0000,951.1951
9,0,21,0.0000,0.0000,0.0000,0.0000,0.0000,0.0000,951.1951
9,0,22,0.0000,0.0000,0.0000,0.0000,0.0000,0.0000,951.1951
9,0,23,0.0000,0.0000,406.0756,0.0000,0.0000,0.0000,500.0000
9,1,0,21.4966,0.0000,0.0000,0.0000,0.0000,0.0000,476.1149
9,1,1,3.1208,0.0000,0.0000,0.0000,0.0000,0.0000,472.6474
9,1,2,0.0000,0.0000,0.0000,500.0000,0.0000,0.0000,947.6474
9,1,3,0.0000,0.0000,0.0000,0.0000,0.0000,0.0000,947.6474
9,1,4,0.0000,13.4443,0.0000,0.0000,0.0000,0.0000,932.7093
9,1,5,0.0000,11.0882,0.0000,0.0000,0.0000,0.0000,920.3891
9,1,6,0.0000,84.6495,0.0000,0.0000,0.0000,0.0000,826.3342
9,1,7,0.0000,8.4366,0.0000,0.0000,0.0000,0.0000,816.9602
9,1,8,0.0000,7.8200,0.0000,0.0000,0.0000,0.0000,808.2714
9,1,9,0.0000,500.0000,0.0000,0.0000,0.0000,0.0000,252.7158
9,1,10,0.0000,0.0000,0.0000,0.0000,0.0001,0.0000,252.7158
9,1,11,0.0000,0.0000,0.0000,0.0000,0.0001,0.0000,252.7159
9,1,12,0.0000,0.0000,0.0000,0.0000,0.0001,0.0000,252.7159
9,1,13,0.0000,0.0000,0.0000,0.0000,500.0000,0.0000,727.7159
9,1,14,0.0000,0.0000,0.0000,0.0000,0.0001,0.0000,727.7159
9,1,15,0.0000,0.0000,0.0000,0.0000,0.0002,0.0000,727.7161
9,1,16,0.0000,0.0000,0.0000,0.0000,253.9340,0.0000,968.9534
9,1,17,0.0000,0.0000,0.0000,0.0000,0.0000,0.0000,968.9534
9,1,18,0.0000,5.4551,0.0000,0.0000,0.0000,0.0000,962.8922
9,1,19,0.0000,4.7936,0.0000,0.0000,0.0000,0.0000,957.5661
9,1,20,0.0000,4.2826,0.0000,0.0000,0.0000,0.0000,952.8076
9,1,21,0.0000,3.9135,0.0000,0.0000,0.0000,0.0000,948.4593
9,1,22,0.0000,400.0001,0.0000,0.0000,0.0000,0.0000,504.0148
9,1,23,0.0000,3.6134,0.0000,0.0000,0.0000,0.0000,500.0000
9,2,0,45.6525,0.0000,0.0000,0.0000,0.0000,0.0000,449.2750
9,2,1,3.3738,0.0000,0.0000,0.0000,0.0000,0.0000,445.5264
9,2,2,0.0000,0.0000,0.0000,500.0000,0.0000,0.0000,920.5264
9,2,3,49.6129,0.0000,0.0000,0.0000,0.0000,0.0000,865.4009
9,2,4,21.0323,0.0000,0.0000,0.0000,0.0000,0.0000,842.0317
9,2,5,26.6138,0.0000,0.0000,0.0000,0.0000,0.0000,812.4609
9,2,6,141.2148,0.0000,0.0000,0.0000,0.0000,0.0000,655.5556
9,2,7,500.0000,0.0000,0.0000,0.0000,0.0000,0.0000,100.0000
9,2,8,0.0000,0.0000,0.0000,500.0000,0.0000,0.0000,575.0000
9,2,9,0.0000,0.0000,0.0000,231.5661,0.0000,0.0000,794.9878
9,2,10,103.7205,0.0000,0.0000,0.0000,0.0000,0.0000,679.7428
9,2,11,139.2686,0.0000,0.0000,0.0000,0.0000,0.0000,524.9999
9,2,12,0.0000,0.0000,0.0000,500.0000,0.0000,0.0000,999.9999
9,2,13,7.7793,0.0000,0.0000,0.0000,0.0000,0.0000,991.3562
9,2,14,0.0001,0.0000,0.0000,0.0000,0.0000,0.0000,991.3562
9,2,15,0.0000,0.0000,0.0000,9.0986,0.0000,0.0000,999.9999
9,2,16,0.0001,0.0000,0.0000,0.0001,0.0000,0.0000,999.9998
9,2,17,19.7376,0.0000,0.0000,0.0000,0.0000,0.0000,978.0692
9,2,18,409.4039,0.0000,0.0000,0.0000,0.0000,0.0000,523.1761
9,2,19,10.9668,0.0000,0.0000,0.0000,0.0000,0.0000,510.9908
9,2,20,0.0000,0.0000,0.0000,0.0000,0.0000,0.0000,510.9908
9,2,21,0.0000,0.0000,0.0000,0.0000,0.0000,0.0000,510.9908
9,2,22,0.0000,0.0000,0.0000,0.0000,0.0000,0.0000,510.9908
9,2,23,0.0000,0.0000,9.8917,0.0000,0.0000,0.0000,500.0000
10,0,0,33.6433,0.0000,0.0000,0.0000,0.0000,0.0000,462.6186
10,0,1,0.0114,0.0000,0.0000,0.0000,0.0000,0.0000,462.6059
10,0,2,0.0000,0.0000,0.0000,399.9997,0.0000,0.0000,842.6056
10,0,3,0.0000,0.0000,0.0000,0.0000,0.0000,0.0000,842.6056
10,0,4,374.6937,0.0000,0.0000,0.0000,0.0000,0.0000,426.2793
10,0,5,32.9746,0.0000,0.0000,0.0000,0.0000,0.0000,389.6409
10,0,6,24.8101,0.0000,0.0000,0.0000,0.0000,0.0000,362.0741
10,0,7,23.5256,0.0000,0.0000,0.0000,0.0000,0.0000,335.9346
10,0,8,0.0000,0.0000,0.0000,500.0000,0.0000,0.0000,810.9346
10,0,9,120.0000,0.0000,0.0000,0.0000,0.0000,0.0000,677.6012
10,0,10,500.0000,0.0000,0.0000,0.0000,0.0000,0.0000,122.0457
10,0,11,0.0000,0.0000,0.0000,0.0001,0.0000,0.0000,122.0457
10,0,12,0.0000,0.0000,0.0000,0.0001,0.0000,0.0000,122.0457
10,0,13,0.0000,0.0000,0.0000,394.7369,0.0000,0.0000,497.0458
10,0,14,0.0000,0.0000,0.0000,500.0000,0.0000,0.0000,972.0458
10,0,15,0.0000,0.0000,0.0000,15.3761,0.0000,0.0000,986.6530
10,0,16,3.6678,0.0000,0.0000,0.0000,0.0000,0.0000,982.5778
10,0,17,12.5549,0.0000,0.0000,0.0000,0.0000,0.0000,968.6279
10,0,18,8.7790,0.0000,0.0000,0.0000,0.0000,0.0000,958.8735
10,0,19,7.6364,0.0000,0.0000,0.0000,0.0000,0.0000,950.3886
10,0,20,0.0000,0.0000,0.0000,0.0000,0.0000,0.0000,950.3886
10,0,21,0.0000,0.0000,0.0000,0.0000,0.0000,0.0000,950.3886
10,0,22,0.0000,0.0000,0.0000,0.0000,0.0000,0.0000,950.3886
10,0,23,0.0000,0.0000,405.3498,0.0000,0.0000,0.0000,500.0000
10,1,0,21.0193,0.0000,0.0000,0.0000,0.0000,0.0000,476.6453
10,1,1,0.0114,0.0000,0.0000,0.0000,0.0000,0.0000,476.6327
10,1,2,0.0000,0.0000,0.0000,500.0000,0.0000,0.0000,951.6327
10,1,3,0.0000,0.0000,0.0000,0.0000,0.0000,0.0000,951.6327
10,1,4,0.0000,12.9126,0.0000,0.0000,0.0000,0.0000,937.2853
10,1,5,0.0000,10.6098,0.0000,0.0000,0.0000,0.0000,925.4967
10,1,6,0.0000,84.0613,0.0000,0.0000,0.0000,0.0000,832.0953
10,1,7,0.0000,8.0206,0.0000,0.0000,0.0000,0.0000,823.1835
10,1,8,0.0000,7.4028,0.0000,0.0000,0.0000,0.0000,814.9582
10,1,9,0.0000,500.0000,0.0000,0.0000,0.0000,0.0000,259.4026
10,1,10,0.0000,6.4357,0.0000,0.0000,0.0000,0.0000,252.2518
10,1,11,0.0000,0.0000,0.0000,0.0000,0.0001,0.0000,252.2518
10,1,12,0.0000,0.0000,0.0000,0.0000,0.0001,0.0000,252.2519
10,1,13,0.0000,0.0000,0.0000,0.0000,500.0000,0.0000,727.2519
10,1,14,0.0000,0.0000,0.0000,0.0000,0.0001,0.0000,727.2519
10,1,15,0.0000,0.0000,0.0000,0.0000,0.0001,0.0000,727.2519
10,1,16,0.0000,0.0000,0.0000,0.0000,253.9340,0.0000,968.4892
10,1,17,0.0000,0.0000,0.0000,0.0000,0.0000,0.0000,968.4892
10,1,18,0.0000,5.2797,0.0000,0.0000,0.0000,0.0000,962.6229
10,1,19,0.0000,4.7180,0.0000,0.0000,0.0000,0.0000,957.3807
10,1,20,0.0000,4.2162,0.0000,0.0000,0.0000,0.0000,952.6961
10,1,21,0.0000,3.8639,0.0000,0.0000,0.0000,0.0000,948.4029
10,1,22,0.0000,400.0001,0.0000,0.0000,0.0000,0.0000,503.9584
10,1,23,0.0000,3.5626,0.0000,0.0000,0.0000,0.0000,500.0000
10,2,0,48.0502,0.0000,0.0000,0.0000,0.0000,0.0000,446.6109
10,2,1,0.0114,0.0000,0.0000,0.0000,0.0000,0.0000,446.5983
10,2,2,0.0000,0.0000,0.0000,500.0000,0.0000,0.0000,921.5982
10,2,3,49.1672,0.0000,0.0000,0.0000,0.0000,0.0000,866.9681
10,2,4,21.3908,0.0000,0.0000,0.0000,0.0000,0.0000,843.2005
10,2,5,27.3561,0.0000,0.0000,0.0000,0.0000,0.0000,812.8049
10,2,6,141.5244,0.0000,0.0000,0.0000,0.0000,0.0000,655.5556
10,2,7,500.0000,0.0000,0.0000,0.0000,0.0000,0.0000,100.0000
10,2,8,0.0000,0.0000,0.0000,500.0000,0.0000,0.0000,575.0000
10,2,9,0.0000,0.0000,0.0000,94.4037,0.0000,0.0000,664.6835
10,2,10,58.4912,0.0000,0.0000,0.0000,0.0000,0.0000,599.6933
10,2,11,67.2240,0.0000,0.0000,0.0000,0.0000,0.0000,524.9999
10,2,12,0.0000,0.0000,0.0000,500.0000,0.0000,0.0000,999.9999
10,2,13,0.0001,0.0000,0.0000,0.0000,0.0000,0.0000,999.9999
10,2,14,46.8335,0.0000,0.0000,0.0000,0.0000,0.0000,947.9627
10,2,15,0.0000,0.0000,0.0000,37.6121,0.0000,0.0000,983.6942
10,2,16,3.2975,0.0000,0.0000,0.0000,0.0000,0.0000,980.0303
10,2,17,9.8499,0.0000,0.0000,0.0000,0.0000,0.0000,969.0860
10,2,18,407.0381,0.0000,0.0000,0.0000,0.0000,0.0000,516.8215
10,2,19,7.8596,0.0000,0.0000,0.0000,0.0000,0.0000,508.0886
10,2,20,0.0000,0.0000,0.0000,0.0000,0.0000,0.0000,508.0886
10,2,21,0.0000,0.0000,0.0000,0.0000,0.0000,0.0000,508.0886
10,2,22,0.0000,0.0000,0.0000,0.0000,0.0000,0.0000,508.0886
10,2,23,0.0000,0.0000,7.2797,0.0000,0.0000,0.0000,500.0000
11,0,0,30.9855,0.0000,0.0000,0.0000,0.0000,0.0000,465.5717
11,0,1,0.2286,0.0000,0.0000,0.0000,0.0000,0.0000,465.3177
11,0,2,0.0000,0.0000,0.0000,399.9997,0.0000,0.0000,845.3173
11,0,3,0.0000,0.0000,0.0000,0.0000,0.0000,0.0000,845.3173
11,0,4,373.7165,0.0000,0.0000,0.0000,0.0000,0.0000,430.0768
11,0,5,30.6765,0.0000,0.0000,0.0000,0.0000,0.0000,395.9918
11,0,6,23.1573,0.0000,0.0000,0.0000,0.0000,0.0000,370.2615
11,0,7,22.0694,0.0000,0.0000,0.0000,0.0000,0.0000,345.7400
11,0,8,0.0000,0.0000,0.0000,500.0000,0.0000,0.0000,820.7400
11,0,9,120.0000,0.0000,0.0000,0.0000,0.0000,0.0000,687.4066
11,0,10,500.0000,0.0000,0.0000,0.0000,0.0000,0.0000,131.8511
11,0,11,0.0000,0.0000,0.0000,0.0001,0.0000,0.0000,131.8511
11,0,12,0.6286,0.0000,0.0000,0.0000,0.0000,0.0000,131.1527
11,0,13,0.0000,0.0000,0.0000,394.7370,0.0000,0.0000,506.1527
11,0,14,0.0000,0.0000,0.0000,500.0000,0.0000,0.0000,981.1527
11,0,15,0.0000,0.0000,0.0000,0.0003,0.0000,0.0000,981.1529
11,0,16,5.0235,0.0000,0.0000,0.0000,0.0000,0.0000,975.5713
11,0,17,9.3808,0.0000,0.0000,0.0000,0.0000,0.0000,965.1482
11,0,18,7.3120,0.0000,0.0000,0.0000,0.0000,0.0000,957.0238
11,0,19,6.5435,0.0000,0.0000,0.0000,0.0000,0.0000,949.7533
11,0,20,0.0000,0.0000,0.0000,0.0000,0.0000,0.0000,949.7533
11,0,21,0.0000,0.0000,0.0000,0.0000,0.0000,0.0000,949.7533
11,0,22,0.0000,0.0000,0.0000,0.0000,0.0000,0.0000,949.7533
11,0,23,0.0000,0.0000,404.7780,0.0000,0.0000,0.0000,500.0000
11,1,0,23.0617,0.0000,0.0000,0.0000,0.0000,0.0000,474.3759
11,1,1,0.2276,0.0000,0.0000,0.0000,0.0000,0.0000,474.1230
11,1,2,0.0000,0.0000,0.0000,500.0000,0.0000,0.0000,949.1230
11,1,3,0.0000,0.0000,0.0000,0.0000,0.0000,0.0000,949.1230
11,1,4,0.0000,13.9153,0.0000,0.0000,0.0000,0.0000,933.6616
11,1,5,0.0000,11.3875,0.0000,0.0000,0.0000,0.0000,921.0088
11,1,6,0.0000,84.8133,0.0000,0.0000,0.0000,0.0000,826.7718
11,1,7,0.0000,8.5640,0.0000,0.0000,0.0000,0.0000,817.2563
11,1,8,0.0000,7.9092,0.0000,0.0000,0.0000,0.0000,808.4683
11,1,9,0.0000,500.0000,0.0000,0.0000,0.0000,0.0000,252.9127
11,1,10,0.0000,0.0000,0.0000,0.0000,0.0001,0.0000,252.9128
11,1,11,0.0000,0.0000,0.0000,0.0000,0.0001,0.0000,252.9128
11,1,12,0.0000,0.0000,0.0000,0.0000,0.0001,0.0000,252.9128
11,1,13,0.0000,0.0000,0.0000,0.0000,500.0000,0.0000,727.9128
11,1,14,0.0000,0.0000,0.0000,0.0000,0.0001,0.0000,727.9129
11,1,15,0.0000,0.0000,0.0000,0.0000,0.0001,0.0000,727.9129
11,1,16,0.0000,0.0000,0.0000,0.0000,253.9340,0.0000,969.1502
11,1,17,0.0000,0.0000,0.0000,0.0000,0.0000,0.0000,969.1502
11,1,18,0.0000,5.5026,0.0000,0.0000,0.0000,0.0000,963.0363
11,1,19,0.0000,4.8460,0.0000,0.0000,0.0000,0.0000,957.6518
11,1,20,0.0000,4.3142,0.0000,0.0000,0.0000,0.0000,952.8583
11,1,21,0.0000,3.9409,0.0000,0.0000,0.0000,0.0000,948.4795
11,1,22,0.0000,400.0001,0.0000,0.0000,0.0000,0.0000,504.0351
11,1,23,0.0000,3.6316,0.0000,0.0000,0.0000,0.0000,500.0000
11,2,0,47.7618,0.0000,0.0000,0.0000,0.0000,0.0000,446.9313
11,2,1,0.2292,0.0000,0.0000,0.0000,0.0000,0.0000,446.6767
11,2,2,0.0000,0.0000,0.0000,500.0000,0.0000,0.0000,921.6767
11,2,3,48.8654,0.0000,0.0000,0.0000,0.0000,0.0000,867.3818
11,2,4,21.4104,0.0000,0.0000,0.0000,0.0000,0.0000,843.5925
11,2,5,27.7510,0.0000,0.0000,0.0000,0.0000,0.0000,812.7581
11,2,6,141.4823,0.0000,0.0000,0.0000,0.0000,0.0000,655.5556
11,2,7,500.0000,0.0000,0.0000,0.0000,0.0000,0.0000,100.0000
11,2,8,0.0000,0.0000,0.0000,500.0000,0.0000,0.0000,575.0000
11,2,9,0.0000,0.0000,0.0000,212.3205,0.0000,0.0000,776.7045
11,2,10,92.9132,0.0000,0.0000,0.0000,0.0000,0.0000,673.4676
11,2,11,133.6210,0.0000,0.0000,0.0000,0.0000,0.0000,524.9999
11,2,12,0.0000,0.0000,0.0000,500.0000,0.0000,0.0000,999.9999
11,2,13,0.0001,0.0000,0.0000,0.0001,0.0000,0.0000,999.9999
11,2,14,19.7156,0.0000,0.0000,0.0000,0.0000,0.0000,978.0937
11,2,15,0.0000,0.0000,0.0000,0.0003,0.0000,0.0000,978.0939
11,2,16,4.3403,0.0000,0.0000,0.0000,0.0000,0.0000,973.2714
11,2,17,7.4819,0.0000,0.0000,0.0000,0.0000,0.0000,964.9582
11,2,18,405.9035,0.0000,0.0000,0.0000,0.0000,0.0000,513.9543
11,2,19,6.4657,0.0000,0.0000,0.0000,0.0000,0.0000,506.7702
11,2,20,0.0000,0.0000,0.0000,0.0000,0.0000,0.0000,506.7702
11,2,21,0.0000,0.0000,0.0000,0.0000,0.0000,0.0000,506.7702
11,2,22,0.0000,0.0000,0.0000,0.0000,0.0000,0.0000,506.7702
11,2,23,0.0000,0.0000,6.0932,0.0000,0.0000,0.0000,500.0000
12,0,0,29.7356,0.0000,0.0000,0.0000,0.0000,0.0000,466.9605
12,0,1,1.4848,0.0000,0.0000,0.0000,0.0000,0.0000,465.3107
12,0,2,0.0000,0.0000,0.0000,399.9997,0.0000,0.0000,845.3103
12,0,3,0.0000,0.0000,0.0000,0.0000,0.0000,0.0000,845.3103
12,0,4,372.8589,0.0000,0.0000,0.0000,0.0000,0.0000,431.0227
12,0,5,29.4411,0.0000,0.0000,0.0000,0.0000,0.0000,398.3104
12,0,6,22.0192,0.0000,0.0000,0.0000,0.0000,0.0000,373.8446
12,0,7,21.1605,0.0000,0.0000,0.0000,0.0000,0.0000,350.3330
12,0,8,0.0000,0.0000,0.0000,500.0000,0.0000,0.0000,825.3330
12,0,9,120.0000,0.0000,0.0000,0.0000,0.0000,0.0000,691.9996
12,0,10,500.0000,0.0000,0.0000,0.0000,0.0000,0.0000,136.4441
12,0,11,0.0000,0.0000,0.0000,0.0001,0.0000,0.0000,136.4441
12,0,12,32.7995,0.0000,0.0000,0.0000,0.0000,0.0000,100.0002
12,0,13,0.0000,0.0000,0.0000,394.7369,0.0000,0.0000,475.0002
12,0,14,0.0000,0.0000,0.0000,500.0000,0.0000,0.0000,950.0002
12,0,15,0.0000,0.0000,0.0000,52.6312,0.0000,0.0000,999.9998
12,0,16,13.1156,0.0000,0.0000,0.0000,0.0000,0.0000,985.4270
12,0,17,14.0553,0.0000,0.0000,0.0000,0.0000,0.0000,969.8100
12,0,18,9.3473,0.0000,0.0000,0.0000,0.0000,0.0000,959.4242
12,0,19,8.0412,0.0000,0.0000,0.0000,0.0000,0.0000,950.4896
12,0,20,0.0000,0.0000,0.0000,0.0000,0.0000,0.0000,950.4896
12,0,21,0.0000,0.0000,0.0000,0.0000,0.0000,0.0000,950.4896
12,0,22,0.0000,0.0000,0.0000,0.0000,0.0000,0.0000,950.4896
12,0,23,0.0000,0.0000,405.4406,0.0000,0.0000,0.0000,500.0000
12,1,0,20.6591,0.0000,0.0000,0.0000,0.0000,0.0000,477.0454
12,1,1,1.4536,0.0000,0.0000,0.0000,0.0000,0.0000,475.4304
12,1,2,0.0000,0.0000,0.0000,500.0000,0.0000,0.0000,950.4304
12,1,3,0.0000,0.0000,0.0000,0.0000,0.0000,0.0000,950.4304
12,1,4,0.0000,12.6407,0.0000,0.0000,0.0000,0.0000,936.3851
12,1,5,0.0000,10.4278,0.0000,0.0000,0.0000,0.0000,924.7987
12,1,6,0.0000,84.0502,0.0000,0.0000,0.0000,0.0000,831.4096
12,1,7,0.0000,8.0110,0.0000,0.0000,0.0000,0.0000,822.5084
12,1,8,0.0000,7.4271,0.0000,0.0000,0.0000,0.0000,814.2561
12,1,9,0.0000,500.0000,0.0000,0.0000,0.0000,0.0000,258.7006
12,1,10,0.0000,5.9084,0.0000,0.0000,0.0000,0.0000,252.1357
12,1,11,0.0000,0.0000,0.0000,0.0000,0.0001,0.0000,252.1358
12,1,12,0.0000,0.0000,0.0000,0.0000,0.0001,0.0000,252.1358
12,1,13,0.0000,0.0000,0.0000,0.0000,500.0000,0.0000,727.1358
12,1,14,0.0000,0.0000,0.0000,0.0000,0.0001,0.0000,727.1358
12,1,15,0.0000,0.0000,0.0000,0.0000,0.0001,0.0000,727.1359
12,1,16,0.0000,0.0000,0.0000,0.0000,253.9340,0.0000,968.3732
12,1,17,0.0000,0.0000,0.0000,0.0000,0.0000,0.0000,968.3732
12,1,18,0.0000,5.2787,0.0000,0.0000,0.0000,0.0000,962.5080
12,1,19,0.0000,4.6770,0.0000,0.0000,0.0000,0.0000,957.3113
12,1,20,0.0000,4.1918,0.0000,0.0000,0.0000,0.0000,952.6538
12,1,21,0.0000,3.8380,0.0000,0.0000,0.0000,0.0000,948.3893
12,1,22,0.0000,400.0001,0.0000,0.0000,0.0000,0.0000,503.9448
12,1,23,0.0000,3.5504,0.0000,0.0000,0.0000,0.0000,500.0000
12,2,0,47.3592,0.0000,0.0000,0.0000,0.0000,0.0000,447.3787
12,2,1,1.5126,0.0000,0.0000,0.0000,0.0000,0.0000,445.6980
12,2,2,0.0000,0.0000,0.0000,500.0000,0.0000,0.0000,920.6980
12,2,3,48.7584,0.0000,0.0000,0.0000,0.0000,0.0000,866.5220
12,2,4,20.8869,0.0000,0.0000,0.0000,0.0000,0.0000,843.3144
12,2,5,27.8295,0.0000,0.0000,0.0000,0.0000,0.0000,812.3928
12,2,6,141.1535,0.0000,0.0000,0.0000,0.0000,0.0000,655.5556
12,2,7,500.0000,0.0000,0.0000,0.0000,0.0000,0.0000,100.0000
12,2,8,0.0000,0.0000,0.0000,500.0000,0.0000,0.0000,575.0000
12,2,9,0.0000,0.0000,0.0000,162.8892,0.0000,0.0000,729.7448
12,2,10,94.6097,0.0000,0.0000,0.0000,0.0000,0.0000,624.6229
12,2,11,89.6607,0.0000,0.0000,0.0000,0.0000,0.0000,524.9999
12,2,12,0.0000,0.0000,0.0000,500.0000,0.0000,0.0000,999.9999
12,2,13,0.0001,0.0000,0.0000,0.0000,0.0000,0.0000,999.9998
12,2,14,0.0001,0.0000,0.0000,0.0000,0.0000,0.0000,999.9997
12,2,15,0.0000,0.0000,0.0000,0.0002,0.0000,0.0000,999.9999
12,2,16,12.3669,0.0000,0.0000,0.0000,0.0000,0.0000,986.2589
12,2,17,12.4458,0.0000,0.0000,0.0000,0.0000,0.0000,972.4303
12,2,18,407.9419,0.0000,0.0000,0.0000,0.0000,0.0000,519.1615
12,2,19,9.0427,0.0000,0.0000,0.0000,0.0000,0.0000,509.1141
12,2,20,0.0000,0.0000,0.0000,0.0000,0.0000,0.0000,509.1141
12,2,21,0.0000,0.0000,0.0000,0.0000,0.0000,0.0000,509.1141
12,2,22,0.0000,0.0000,0.0000,0.0000,0.0000,0.0000,509.1141
12,2,23,0.0000,0.0000,8.2027,0.0000,0.0000,0.0000,500.0000
13,0,0,28.5796,0.0000,0.0000,0.0000,0.0000,0.0000,468.2450
13,0,1,0.0315,0.0000,0.0000,0.0000,0.0000,0.0000,468.2099
13,0,2,0.0000,0.0000,0.0000,399.9997,0.0000,0.0000,848.2096
13,0,3,0.0000,0.0000,0.0000,0.0000,0.0000,0.0000,848.2096
13,0,4,372.5142,0.0000,0.0000,0.0000,0.0000,0.0000,434.3049
13,0,5,28.1224,0.0000,0.0000,0.0000,0.0000,0.0000,403.0578
13,0,6,21.3533,0.0000,0.0000,0.0000,0.0000,0.0000,379.3320
13,0,7,20.3964,0.0000,0.0000,0.0000,0.0000,0.0000,356.6693
13,0,8,0.0000,0.0000,0.0000,500.0000,0.0000,0.0000,831.6693
13,0,9,120.0001,0.0000,0.0000,0.0000,0.0000,0.0000,698.3359
13,0,10,500.0000,0.0000,0.0000,0.0000,0.0000,0.0000,142.7804
13,0,11,0.0001,0.0000,0.0000,0.0001,0.0000,0.0000,142.7804
13,0,12,30.6607,0.0000,0.0000,0.0000,0.0000,0.0000,108.7130
13,0,13,0.0000,0.0000,0.0000,394.7370,0.0000,0.0000,483.7131
13,0,14,0.0000,0.0000,0.0000,500.0000,0.0000,0.0000,958.7131
13,0,15,0.0000,0.0000,0.0000,29.5217,0.0000,0.0000,986.7587
13,0,16,0.0001,0.0000,0.0000,0.0001,0.0000,0.0000,986.7587
13,0,17,14.7400,0.0000,0.0000,0.0000,0.0000,0.0000,970.3810
13,0,18,9.5948,0.0000,0.0000,0.0000,0.0000,0.0000,959.7201
13,0,19,8.1950,0.0000,0.0000,0.0000,0.0000,0.0000,950.6146
13,0,20,0.0000,0.0000,0.0000,0.0000,0.0000,0.0000,950.6146
13,0,21,0.0000,0.0000,0.0000,0.0000,0.0000,0.0000,950.6146
13,0,22,0.0000,0.0000,0.0000,0.0000,0.0000,0.0000,950.6146
13,0,23,0.0000,0.0000,405.5532,0.0000,0.0000,0.0000,500.0000
13,1,0,20.9784,0.0000,0.0000,0.0000,0.0000,0.0000,476.6907
13,1,1,0.0314,0.0000,0.0000,0.0000,0.0000,0.0000,476.6558
13,1,2,0.0000,0.0000,0.0000,500.0000,0.0000,0.0000,951.6558
13,1,3,0.0000,0.0000,0.0000,0.0000,0.0000,0.0000,951.6558
13,1,4,0.0000,12.7399,0.0000,0.0000,0.0000,0.0000,937.5004
13,1,5,0.0000,10.4817,0.0000,0.0000,0.0000,0.0000,925.8540
13,1,6,0.0000,84.0012,0.0000,0.0000,0.0000,0.0000,832.5194
13,1,7,0.0000,7.9654,0.0000,0.0000,0.0000,0.0000,823.6690
13,1,8,0.0000,7.3656,0.0000,0.0000,0.0000,0.0000,815.4850
13,1,9,0.0000,500.0000,0.0000,0.0000,0.0000,0.0000,259.9294
13,1,10,0.0000,7.0639,0.0000,0.0000,0.0000,0.0000,252.0806
13,1,11,0.0000,0.0001,0.0000,0.0000,0.0001,0.0000,252.0807
13,1,12,0.0000,0.0001,0.0000,0.0000,0.0001,0.0000,252.0807
13,1,13,0.0000,0.0000,0.0000,0.0000,500.0000,0.0000,727.0807
13,1,14,0.0000,0.0001,0.0000,0.0000,0.0001,0.0000,727.0807
13,1,15,0.0000,0.0000,0.0000,0.0000,0.0001,0.0000,727.0808
13,1,16,0.0000,0.0000,0.0000,0.0000,253.9340,0.0000,968.3181
13,1,17,0.0000,0.0000,0.0000,0.0000,0.0000,0.0000,968.3181
13,1,18,0.0000,5.2599,0.0000,0.0000,0.0000,0.0000,962.4738
13,1,19,0.0000,4.6766,0.0000,0.0000,0.0000,0.0000,957.2776
13,1,20,0.0000,4.1812,0.0000,0.0000,0.0000,0.0000,952.6318
13,1,21,0.0000,3.8321,0.0000,0.0000,0.0000,0.0000,948.3739
13,1,22,0.0000,400.0001,0.0000,0.0000,0.0000,0.0000,503.9294
13,1,23,0.0000,3.5365,0.0000,0.0000,0.0000,0.0000,500.0000
13,2,0,48.1928,0.0000,0.0000,0.0000,0.0000,0.0000,446.4525
13,2,1,0.0317,0.0000,0.0000,0.0000,0.0000,0.0000,446.4173
13,2,2,0.0000,0.0000,0.0000,500.0000,0.0000,0.0000,921.4173
13,2,3,48.6263,0.0000,0.0000,0.0000,0.0000,0.0000,867.3881
13,2,4,21.1993,0.0000,0.0000,0.0000,0.0000,0.0000,843.8334
13,2,5,28.0529,0.0000,0.0000,0.0000,0.0000,0.0000,812.6635
13,2,6,141.3971,0.0000,0.0000,0.0000,0.0000,0.0000,655.5556
13,2,7,500.0000,0.0000,0.0000,0.0000,0.0000,0.0000,100.0001
13,2,8,0.0000,0.0000,0.0000,500.0000,0.0000,0.0000,575.0000
13,2,9,0.0000,0.0000,0.0000,168.3002,0.0000,0.0000,734.8852
13,2,10,93.5200,0.0000,0.0000,0.0000,0.0000,0.0000,630.9741
13,2,11,95.3768,0.0000,0.0000,0.0000,0.0000,0.0000,524.9999
13,2,12,0.0000,0.0000,0.0000,500.0000,0.0000,0.0000,999.9999
13,2,13,0.0001,0.0000,0.0000,0.0001,0.0000,0.0000,999.9999
13,2,14,111.6443,0.0000,0.0000,0.0000,0.0000,0.0000,875.9507
13,2,15,0.0000,0.0000,0.0000,115.2830,0.0000,0.0000,985.4695
13,2,16,0.0001,0.0000,0.0000,0.0001,0.0000,0.0000,985.4695
13,2,17,12.0578,0.0000,0.0000,0.0000,0.0000,0.0000,972.0720
13,2,18,407.8218,0.0000,0.0000,0.0000,0.0000,0.0000,518.9367
13,2,19,8.8710,0.0000,0.0000,0.0000,0.0000,0.0000,509.0801
13,2,20,0.0000,0.0000,0.0000,0.0000,0.0000,0.0000,509.0801
13,2,21,0.0000,0.0000,0.0000,0.0000,0.0000,0.0000,509.0801
13,2,22,0.0000,0.0000,0.0000,0.0000,0.0000,0.0000,509.0801
13,2,23,0.0000,0.0000,8.1721,0.0000,0.0000,0.0000,500.0000
14,0,0,38.4674,0.0000,0.0000,0.0000,0.0000,0.0000,457.2585
14,0,1,0.7908,0.0000,0.0000,0.0000,0.0000,0.0000,456.3798
14,0,2,0.0000,0.0000,0.0000,399.9997,0.0000,0.0000,836.3794
14,0,3,0.0000,0.0000,0.0000,0.0000,0.0000,0.0000,836.3794
14,0,4,376.5260,0.0000,0.0000,0.0000,0.0000,0.0000,418.0172
14,0,5,37.9939,0.0000,0.0000,0.0000,0.0000,0.0000,375.8018
14,0,6,28.2692,0.0000,0.0000,0.0000,0.0000,0.0000,344.3915
14,0,7,27.4518,0.0000,0.0000,0.0000,0.0000,0.0000,313.8896
14,0,8,0.0000,0.0000,0.0000,500.0000,0.0000,0.0000,788.8896
14,0,9,120.0000,0.0000,0.0000,0.0000,0.0000,0.0000,655.5562
14,0,10,500.0000,0.0000,0.0000,0.0000,0.0000,0.0000,100.0007
14,0,11,0.0000,0.0000,0.0000,0.0001,0.0000,0.0000,100.0007
14,0,12,0.0001,0.0000,0.0000,0.0000,0.0000,0.0000,100.0006
14,0,13,0.0000,0.0000,0.0000,394.7369,0.0000,0.0000,475.0007
14,0,14,0.0000,0.0000,0.0000,500.0000,0.0000,0.0000,950.0007
14,0,15,0.0000,0.0000,0.0000,52.6307,0.0000,0.0000,999.9998
14,0,16,7.8433,0.0000,0.0000,0.0000,0.0000,0.0000,991.2850
14,0,17,17.2866,0.0000,0.0000,0.0000,0.0000,0.0000,972.0777
14,0,18,10.3414,0.0000,0.0000,0.0000,0.0000,0.0000,960.5873
14,0,19,8.7431,0.0000,0.0000,0.0000,0.0000,0.0000,950.8727
14,0,20,0.0000,0.0000,0.0000,0.0000,0.0000,0.0000,950.8727
14,0,21,0.0000,0.0000,0.0000,0.0000,0.0000,0.0000,950.8727
14,0,22,0.0000,0.0000,0.0000,0.0000,0.0000,0.0000,950.8727
14,0,23,0.0000,0.0000,405.7855,0.0000,0.0000,0.0000,500.0000
14,1,0,20.5429,0.0000,0.0000,0.0000,0.0000,0.0000,477.1745
14,1,1,0.7764,0.0000,0.0000,0.0000,0.0000,0.0000,476.3119
14,1,2,0.0000,0.0000,0.0000,500.0000,0.0000,0.0000,951.3119
14,1,3,0.0000,0.0000,0.0000,0.0000,0.0000,0.0000,951.3119
14,1,4,0.0000,12.6931,0.0000,0.0000,0.0000,0.0000,937.2085
14,1,5,0.0000,10.4371,0.0000,0.0000,0.0000,0.0000,925.6117
14,1,6,0.0000,83.9942,0.0000,0.0000,0.0000,0.0000,832.2849
14,1,7,0.0000,7.9869,0.0000,0.0000,0.0000,0.0000,823.4105
14,1,8,0.0000,7.3929,0.0000,0.0000,0.0000,0.0000,815.1961
14,1,9,0.0000,500.0000,0.0000,0.0000,0.0000,0.0000,259.6406
14,1,10,0.0000,6.8005,0.0000,0.0000,0.0000,0.0000,252.0845
14,1,11,0.0000,0.0000,0.0000,0.0000,0.0001,0.0000,252.0845
14,1,12,0.0000,0.0000,0.0000,0.0000,0.0001,0.0000,252.0846
14,1,13,0.0000,0.0000,0.0000,0.0000,500.0000,0.0000,727.0846
14,1,14,0.0000,0.0000,0.0000,0.0000,0.0001,0.0000,727.0846
14,1,15,0.0000,0.0000,0.0000,0.0000,0.0001,0.0000,727.0846
14,1,16,0.0000,0.0000,0.0000,0.0000,253.9340,0.0000,968.3220
14,1,17,0.0000,0.0000,0.0000,0.0000,0.0000,0.0000,968.3220
14,1,18,0.0000,5.2742,0.0000,0.0000,0.0000,0.0000,962.4617
14,1,19,0.0000,4.6693,0.0000,0.0000,0.0000,0.0000,957.2737
14,1,20,0.0000,4.1801,0.0000,0.0000,0.0000,0.0000,952.6292
14,1,21,0.0000,3.8282,0.0000,0.0000,0.0000,0.0000,948.3757
14,1,22,0.0000,400.0001,0.0000,0.0000,0.0000,0.0000,503.9312
14,1,23,0.0000,3.5381,0.0000,0.0000,0.0000,0.0000,500.0000
14,2,0,47.4101,0.0000,0.0000,0.0000,0.0000,0.0000,447.3221
14,2,1,0.7934,0.0000,0.0000,0.0000,0.0000,0.0000,446.4405
14,2,2,0.0000,0.0000,0.0000,500.0000,0.0000,0.0000,921.4405
14,2,3,49.6500,0.0000,0.0000,0.0000,0.0000,0.0000,866.2739
14,2,4,21.3628,0.0000,0.0000,0.0000,0.0000,0.0000,842.5374
14,2,5,26.8210,0.0000,0.0000,0.0000,0.0000,0.0000,812.7363
14,2,6,141.4626,0.0000,0.0000,0.0000,0.0000,0.0000,655.5556
14,2,7,500.0000,0.0000,0.0000,0.0000,0.0000,0.0000,100.0000
14,2,8,0.0000,0.0000,0.0000,500.0000,0.0000,0.0000,575.0000
14,2,9,0.0000,0.0000,0.0000,254.9925,0.0000,0.0000,817.2429
14,2,10,130.4603,0.0000,0.0000,0.0000,0.0000,0.0000,672.2870
14,2,11,132.5585,0.0000,0.0000,0.0000,0.0000,0.0000,524.9999
14,2,12,0.0000,0.0000,0.0000,500.0000,0.0000,0.0000,999.9999
14,2,13,0.0001,0.0000,0.0000,0.0000,0.0000,0.0000,999.9998
14,2,14,0.0002,0.0000,0.0000,0.0000,0.0000,0.0000,999.9996
14,2,15,0.0000,0.0000,0.0000,0.0003,0.0000,0.0000,999.9999
14,2,16,7.5675,0.0000,0.0000,0.0000,0.0000,0.0000,991.5916
14,2,17,14.9273,0.0000,0.0000,0.0000,0.0000,0.0000,975.0057
14,2,18,408.5530,0.0000,0.0000,0.0000,0.0000,0.0000,521.0580
14,2,19,9.9048,0.0000,0.0000,0.0000,0.0000,0.0000,510.0526
14,2,20,0.0000,0.0000,0.0000,0.0000,0.0000,0.0000,510.0526
14,2,21,0.0000,0.0000,0.0000,0.0000,0.0000,0.0000,510.0526
14,2,22,0.0000,0.0000,0.0000,0.0000,0.0000,0.0000,510.0526
14,2,23,0.0000,0.0000,9.0474,0.0000,0.0000,0.0000,500.0000
15,0,0,28.4577,0.0000,0.0000,0.0000,0.0000,0.0000,468.3804
15,0,1,0.0160,0.0000,0.0000,0.0000,0.0000,0.0000,468.3627
15,0,2,0.0000,0.0000,0.0000,399.9997,0.0000,0.0000,848.3623
15,0,3,0.0000,0.0000,0.0000,0.0000,0.0000,0.0000,848.3623
15,0,4,372.3763,0.0000,0.0000,0.0000,0.0000,0.0000,434.6108
15,0,5,28.0198,0.0000,0.0000,0.0000,0.0000,0.0000,403.4777
15,0,6,21.2878,0.0000,0.0000,0.0000,0.0000,0.0000,379.8247
15,0,7,20.3178,0.0000,0.0000,0.0000,0.0000,0.0000,357.2494
15,0,8,0.0000,0.0000,0.0000,500.0000,0.0000,0.0000,832.2494
15,0,9,120.0000,0.0000,0.0000,0.0000,0.0000,0.0000,698.9160
15,0,10,500.0000,0.0000,0.0000,0.0000,0.0000,0.0000,143.3605
15,0,11,0.0000,0.0000,0.0000,0.0001,0.0000,0.0000,143.3605
15,0,12,10.8350,0.0000,0.0000,0.0000,0.0000,0.0000,131.3216
15,0,13,0.0000,0.0000,0.0000,394.7370,0.0000,0.0000,506.3217
15,0,14,0.0000,0.0000,0.0000,500.0000,0.0000,0.0000,981.3217
15,0,15,0.0000,0.0000,0.0000,0.0001,0.0000,0.0000,981.3217
15,0,16,8.3041,0.0000,0.0000,0.0000,0.0000,0.0000,972.0949
15,0,17,8.0454,0.0000,0.0000,0.0000,0.0000,0.0000,963.1556
15,0,18,6.4839,0.0000,0.0000,0.0000,0.0000,0.0000,955.9513
15,0,19,5.9043,0.0000,0.0000,0.0000,0.0000,0.0000,949.3911
15,0,20,0.0000,0.0000,0.0000,0.0000,0.0000,0.0000,949.3911
15,0,21,0.0000,0.0000,0.0000,0.0000,0.0000,0.0000,949.3911
15,0,22,0.0000,0.0000,0.0000,0.0000,0.0000,0.0000,949.3911
15,0,23,0.0000,0.0000,404.4520,0.0000,0.0000,0.0000,500.0000
15,1,0,21.2239,0.0000,0.0000,0.0000,0.0000,0.0000,476.4179
15,1,1,0.0159,0.0000,0.0000,0.0000,0.0000,0.0000,476.4003
15,1,2,0.0000,0.0000,0.0000,500.0000,0.0000,0.0000,951.4003
15,1,3,0.0000,0.0000,0.0000,0.0000,0.0000,0.0000,951.4003
15,1,4,0.0000,12.9920,0.0000,0.0000,0.0000,0.0000,936.9648
15,1,5,0.0000,10.6698,0.0000,0.0000,0.0000,0.0000,925.1095
15,1,6,0.0000,84.1063,0.0000,0.0000,0.0000,0.0000,831.6580
15,1,7,0.0000,8.0437,0.0000,0.0000,0.0000,0.0000,822.7206
15,1,8,0.0000,7.4325,0.0000,0.0000,0.0000,0.0000,814.4623
15,1,9,0.0000,500.0000,0.0000,0.0000,0.0000,0.0000,258.9068
15,1,10,0.0000,5.9163,0.0000,0.0000,0.0000,0.0000,252.3331
15,1,11,0.0000,0.0000,0.0000,0.0000,0.0001,0.0000,252.3331
15,1,12,0.0000,0.0000,0.0000,0.0000,0.0001,0.0000,252.3332
15,1,13,0.0000,0.0000,0.0000,0.0000,500.0000,0.0000,727.3332
15,1,14,0.0000,0.0000,0.0000,0.0000,0.0001,0.0000,727.3332
15,1,15,0.0000,0.0001,0.0000,0.0000,0.0000,0.0000,727.3331
15,1,16,0.0000,0.0000,0.0000,0.0000,253.9340,0.0000,968.5705
15,1,17,0.0000,0.0000,0.0000,0.0000,0.0000,0.0000,968.5705
15,1,18,0.0000,5.3150,0.0000,0.0000,0.0000,0.0000,962.6649
15,1,19,0.0000,4.7310,0.0000,0.0000,0.0000,0.0000,957.4083
15,1,20,0.0000,4.2288,0.0000,0.0000,0.0000,0.0000,952.7096
15,1,21,0.0000,3.8737,0.0000,0.0000,0.0000,0.0000,948.4054
15,1,22,0.0000,400.0001,0.0000,0.0000,0.0000,0.0000,503.9610
15,1,23,0.0000,3.5649,0.0000,0.0000,0.0000,0.0000,500.0000
15,2,0,48.1491,0.0000,0.0000,0.0000,0.0000,0.0000,446.5010
15,2,1,0.0160,0.0000,0.0000,0.0000,0.0000,0.0000,446.4832
15,2,2,0.0000,0.0000,0.0000,500.0000,0.0000,0.0000,921.4832
15,2,3,48.7680,0.0000,0.0000,0.0000,0.0000,0.0000,867.2966
15,2,4,21.0724,0.0000,0.0000,0.0000,0.0000,0.0000,843.8828
15,2,5,28.0849,0.0000,0.0000,0.0000,0.0000,0.0000,812.6773
15,2,6,141.4096,0.0000,0.0000,0.0000,0.0000,0.0000,655.5556
15,2,7,500.0000,0.0000,0.0000,0.0000,0.0000,0.0000,100.0000
15,2,8,0.0000,0.0000,0.0000,500.0000,0.0000,0.0000,575.0000
15,2,9,0.0000,0.0000,0.0000,291.2237,0.0000,0.0000,851.6625
15,2,10,137.5689,0.0000,0.0000,0.0000,0.0000,0.0000,698.8082
15,2,11,156.4275,0.0000,0.0000,0.0000,0.0000,0.0000,524.9999
15,2,12,0.0000,0.0000,0.0000,500.0000,0.0000,0.0000,999.9999
15,2,13,0.0001,0.0000,0.0000,0.0001,0.0000,0.0000,999.9999
15,2,14,8.4780,0.0000,0.0000,0.0000,0.0000,0.0000,990.5799
15,2,15,0.0000,0.0000,0.0000,0.0001,0.0000,0.0000,990.5800
15,2,16,10.8862,0.0000,0.0000,0.0000,0.0000,0.0000,978.4842
15,2,17,9.3051,0.0000,0.0000,0.0000,0.0000,0.0000,968.1453
15,2,18,406.7548,0.0000,0.0000,0.0000,0.0000,0.0000,516.1955
15,2,19,7.5254,0.0000,0.0000,0.0000,0.0000,0.0000,507.8339
15,2,20,0.0000,0.0000,0.0000,0.0000,0.0000,0.0000,507.8339
15,2,21,0.0000,0.0000,0.0000,0.0000,0.0000,0.0000,507.8339
15,2,22,0.0000,0.0000,0.0000,0.0000,0.0000,0.0000,507.8339
15,2,23,0.0000,0.0000,7.0506,0.0000,0.0000,0.0000,500.0000
16,0,0,26.6390,0.0000,0.0000,0.0000,0.0000,0.0000,470.4011
16,0,1,3.0327,0.0000,0.0000,0.0000,0.0000,0.0000,467.0314
16,0,2,0.0000,0.0000,0.0000,399.9997,0.0000,0.0000,847.0311
16,0,3,0.0000,0.0000,0.0000,0.0000,0.0000,0.0000,847.0311
16,0,4,371.5188,0.0000,0.0000,0.0000,0.0000,0.0000,434.2325
16,0,5,26.7044,0.0000,0.0000,0.0000,0.0000,0.0000,404.5609
16,0,6,19.9307,0.0000,0.0000,0.0000,0.0000,0.0000,382.4158
16,0,7,19.0132,0.0000,0.0000,0.0000,0.0000,0.0000,361.2900
16,0,8,0.0000,0.0000,0.0000,500.0000,0.0000,0.0000,836.2900
16,0,9,120.0000,0.0000,0.0000,0.0000,0.0000,0.0000,702.9566
16,0,10,500.0000,0.0000,0.0000,0.0000,0.0000,0.0000,147.4011
16,0,11,0.0000,0.0000,0.0000,0.0001,0.0000,0.0000,147.4011
16,0,12,14.2513,0.0000,0.0000,0.0000,0.0000,0.0000,131.5664
16,0,13,0.0000,0.0000,0.0000,394.7369,0.0000,0.0000,506.5664
16,0,14,0.0000,0.0000,0.0000,500.0000,0.0000,0.0000,981.5664
16,0,15,0.0000,0.0000,0.0000,0.0002,0.0000,0.0000,981.5665
16,0,16,9.7333,0.0000,0.0000,0.0000,0.0000,0.0000,970.7518
16,0,17,7.5219,0.0000,0.0000,0.0000,0.0000,0.0000,962.3942
16,0,18,6.1995,0.0000,0.0000,0.0000,0.0000,0.0000,955.5059
16,0,19,5.6623,0.0000,0.0000,0.0000,0.0000,0.0000,949.2145
16,0,20,0.0000,0.0000,0.0000,0.0000,0.0000,0.0000,949.2145
16,0,21,0.0000,0.0000,0.0000,0.0000,0.0000,0.0000,949.2145
16,0,22,0.0000,0.0000,0.0000,0.0000,0.0000,0.0000,949.2145
16,0,23,0.0000,0.0000,404.2930,0.0000,0.0000,0.0000,500.0000
16,1,0,20.1622,0.0000,0.0000,0.0000,0.0000,0.0000,477.5976
16,1,1,2.9382,0.0000,0.0000,0.0000,0.0000,0.0000,474.3330
16,1,2,0.0000,0.0000,0.0000,500.0000,0.0000,0.0000,949.3330
16,1,3,0.0000,0.0000,0.0000,0.0000,0.0000,0.0000,949.3330
16,1,4,0.0000,12.6973,0.0000,0.0000,0.0000,0.0000,935.2249
16,1,5,0.0000,10.5222,0.0000,0.0000,0.0000,0.0000,923.5336
16,1,6,0.0000,84.0343,0.0000,0.0000,0.0000,0.0000,830.1622
16,1,7,0.0000,8.0203,0.0000,0.0000,0.0000,0.0000,821.2508
16,1,8,0.0000,7.4460,0.0000,0.0000,0.0000,0.0000,812.9775
16,1,9,0.0000,500.0000,0.0000,0.0000,0.0000,0.0000,257.4220
16,1,10,0.0000,4.6480,0.0000,0.0000,0.0000,0.0000,252.2576
16,1,11,0.0000,0.0000,0.0000,0.0000,0.0001,0.0000,252.2576
16,1,12,0.0000,0.0000,0.0000,0.0000,0.0001,0.0000,252.2577
16,1,13,0.0000,0.0000,0.0000,0.0000,500.0000,0.0000,727.2576
16,1,14,0.0000,0.0000,0.0000,0.0000,0.0001,0.0000,727.2577
16,1,15,0.0000,0.0000,0.0000,0.0000,0.0001,0.0000,727.2577
16,1,16,0.0000,0.0000,0.0000,0.0000,253.9340,0.0000,968.4950
16,1,17,0.0000,0.0000,0.0000,0.0000,0.0000,0.0000,968.4950
16,1,18,0.0000,5.3191,0.0000,0.0000,0.0000,0.0000,962.5850
16,1,19,0.0000,4.7126,0.0000,0.0000,0.0000,0.0000,957.3487
16,1,20,0.0000,4.2092,0.0000,0.0000,0.0000,0.0000,952.6719
16,1,21,0.0000,3.8564,0.0000,0.0000,0.0000,0.0000,948.3871
16,1,22,0.0000,400.0001,0.0000,0.0000,0.0000,0.0000,503.9426
16,1,23,0.0000,3.5483,0.0000,0.0000,0.0000,0.0000,500.0000
16,2,0,46.2653,0.0000,0.0000,0.0000,0.0000,0.0000,448.5941
16,2,1,3.1889,0.0000,0.0000,0.0000,0.0000,0.0000,445.0510
16,2,2,0.0000,0.0000,0.0000,500.0000,0.0000,0.0000,920.0510
16,2,3,48.5942,0.0000,0.0000,0.0000,0.0000,0.0000,866.0574
16,2,4,20.5562,0.0000,0.0000,0.0000,0.0000,0.0000,843.2172
16,2,5,28.1217,0.0000,0.0000,0.0000,0.0000,0.0000,811.9709
16,2,6,140.7738,0.0000,0.0000,0.0000,0.0000,0.0000,655.5556
16,2,7,500.0000,0.0000,0.0000,0.0000,0.0000,0.0000,100.0000
16,2,8,0.0000,0.0000,0.0000,500.0000,0.0000,0.0000,575.0000
16,2,9,0.0000,0.0000,0.0000,147.6085,0.0000,0.0000,715.2281
16,2,10,75.9078,0.0000,0.0000,0.0000,0.0000,0.0000,630.8861
16,2,11,95.2976,0.0000,0.0000,0.0000,0.0000,0.0000,525.0000
16,2,12,0.0000,0.0000,0.0000,500.0000,0.0000,0.0000,1000.0000
16,2,13,23.2802,0.0000,0.0000,0.0000,0.0000,0.0000,974.1331
16,2,14,0.0000,0.0000,0.0000,0.0001,0.0000,0.0000,974.1331
16,2,15,0.0000,0.0000,0.0000,0.0002,0.0000,0.0000,974.1333
16,2,16,6.5189,0.0000,0.0000,0.0000,0.0000,0.0000,966.8901
16,2,17,5.5804,0.0000,0.0000,0.0000,0.0000,0.0000,960.6896
16,2,18,404.7098,0.0000,0.0000,0.0000,0.0000,0.0000,511.0121
16,2,19,5.0717,0.0000,0.0000,0.0000,0.0000,0.0000,505.3769
16,2,20,0.0000,0.0000,0.0000,0.0000,0.0000,0.0000,505.3769
16,2,21,0.0000,0.0000,0.0000,0.0000,0.0000,0.0000,505.3769
16,2,22,0.0000,0.0000,0.0000,0.0000,0.0000,0.0000,505.3769
16,2,23,0.0000,0.0000,4.8392,0.0000,0.0000,0.0000,500.0000
17,0,0,34.1063,0.0000,0.0000,0.0000,0.0000,0.0000,462.1042
17,0,1,1.6856,0.0000,0.0000,0.0000,0.0000,0.0000,460.2313
17,0,2,0.0000,0.0000,0.0000,399.9997,0.0000,0.0000,840.2309
17,0,3,0.0000,0.0000,0.0000,0.0000,0.0000,0.0000,840.2309
17,0,4,375.2456,0.0000,0.0000,0.0000,0.0000,0.0000,423.2914
17,0,5,35.1243,0.0000,0.0000,0.0000,0.0000,0.0000,384.2644
17,0,6,26.0629,0.0000,0.0000,0.0000,0.0000,0.0000,355.3056
17,0,7,24.8247,0.0000,0.0000,0.0000,0.0000,0.0000,327.7226
17,0,8,0.0000,0.0000,0.0000,500.0000,0.0000,0.0000,802.7226
17,0,9,120.0000,0.0000,0.0000,0.0000,0.0000,0.0000,669.3892
17,0,10,500.0000,0.0000,0.0000,0.0000,0.0000,0.0000,113.8337
17,0,11,0.0000,0.0000,0.0000,0.0001,0.0000,0.0000,113.8337
17,0,12,12.4503,0.0000,0.0000,0.0000,0.0000,0.0000,100.0001
17,0,13,0.0000,0.0000,0.0000,394.7369,0.0000,0.0000,475.0001
17,0,14,0.0000,0.0000,0.0000,500.0000,0.0000,0.0000,950.0001
17,0,15,0.0000,0.0000,0.0000,52.6315,0.0000,0.0000,999.9999
17,0,16,18.1505,0.0000,0.0000,0.0000,0.0000,0.0000,979.8327
17,0,17,11.3238,0.0000,0.0000,0.0000,0.0000,0.0000,967.2507
17,0,18,8.1719,0.0000,0.0000,0.0000,0.0000,0.0000,958.1708
17,0,19,7.2517,0.0000,0.0000,0.0000,0.0000,0.0000,950.1134
17,0,20,0.0000,0.0000,0.0000,0.0000,0.0000,0.0000,950.1134
17,0,21,0.0000,0.0000,0.0000,0.0000,0.0000,0.0000,950.1134
17,0,22,0.0000,0.0000,0.0000,0.0000,0.0000,0.0000,950.1134
17,0,23,0.0000,0.0000,405.1021,0.0000,0.0000,0.0000,500.0000
17,1,0,38.9896,0.0000,0.0000,0.0000,0.0000,0.0000,456.6782
17,1,1,1.6975,0.0000,0.0000,0.0000,0.0000,0.0000,454.7921
17,1,2,0.0000,0.0000,0.0000,500.0000,0.0000,0.0000,929.7921
17,1,3,0.0000,0.0000,0.0000,0.0000,0.0000,0.0000,929.7921
17,1,4,0.0000,22.9203,0.0000,0.0000,0.0000,0.0000,904.3251
17,1,5,0.0000,18.5505,0.0000,0.0000,0.0000,0.0000,883.7135
17,1,6,0.0000,90.9959,0.0000,0.0000,0.0000,0.0000,782.6070
17,1,7,0.0000,13.4759,0.0000,0.0000,0.0000,0.0000,767.6337
17,1,8,0.0000,12.1628,0.0000,0.0000,0.0000,0.0000,754.1195
17,1,9,0.0000,500.0000,0.0000,0.0000,0.0000,0.0000,198.5640
17,1,10,0.0000,0.0000,0.0000,0.0000,0.0001,0.0000,198.5640
17,1,11,0.0000,0.0000,0.0000,0.0000,0.0001,0.0000,198.5640
17,1,12,0.0000,0.0000,0.0000,0.0000,0.0001,0.0000,198.5640
17,1,13,0.0000,0.0000,0.0000,0.0000,500.0000,0.0000,673.5640
17,1,14,0.0000,0.0000,0.0000,0.0000,0.0001,0.0000,673.5641
17,1,15,0.0000,0.0000,0.0000,0.0000,63.4095,0.0000,733.8030
17,1,16,0.0000,0.0000,0.0000,0.0000,253.9340,0.0000,975.0403
17,1,17,0.0000,0.0000,0.0000,0.0000,0.0000,0.0000,975.0403
17,1,18,0.0000,7.3273,0.0000,0.0000,0.0000,0.0000,966.8989
17,1,19,0.0000,6.0701,0.0000,0.0000,0.0000,0.0000,960.1544
17,1,20,0.0000,5.2266,0.0000,0.0000,0.0000,0.0000,954.3471
17,1,21,0.0000,4.6698,0.0000,0.0000,0.0000,0.0000,949.1585
17,1,22,0.0000,400.0001,0.0000,0.0000,0.0000,0.0000,504.7140
17,1,23,0.0000,4.2426,0.0000,0.0000,0.0000,0.0000,500.0000
17,2,0,45.7690,0.0000,0.0000,0.0000,0.0000,0.0000,449.1456
17,2,1,1.7072,0.0000,0.0000,0.0000,0.0000,0.0000,447.2487
17,2,2,0.0000,0.0000,0.0000,500.0000,0.0000,0.0000,922.2487
17,2,3,49.9367,0.0000,0.0000,0.0000,0.0000,0.0000,866.7635
17,2,4,21.2509,0.0000,0.0000,0.0000,0.0000,0.0000,843.1515
17,2,5,27.3569,0.0000,0.0000,0.0000,0.0000,0.0000,812.7550
17,2,6,141.4795,0.0000,0.0000,0.0000,0.0000,0.0000,655.5556
17,2,7,500.0000,0.0000,0.0000,0.0000,0.0000,0.0000,100.0000
17,2,8,0.0000,0.0000,0.0000,500.0000,0.0000,0.0000,575.0000
17,2,9,0.0000,0.0000,0.0000,216.4604,0.0000,0.0000,780.6374
17,2,10,113.3550,0.0000,0.0000,0.0000,0.0000,0.0000,654.6874
17,2,11,116.7190,0.0000,0.0000,0.0000,0.0000,0.0000,524.9996
17,2,12,0.0000,0.0000,0.0000,500.0000,0.0000,0.0000,999.9996
17,2,13,0.0003,0.0000,0.0000,0.0000,0.0000,0.0000,999.9993
17,2,14,0.0002,0.0000,0.0000,0.0000,0.0000,0.0000,999.9991
17,2,15,0.0000,0.0000,0.0000,0.0010,0.0000,0.0000,999.9999
17,2,16,16.8969,0.0000,0.0000,0.0000,0.0000,0.0000,981.2256
17,2,17,10.3591,0.0000,0.0000,0.0000,0.0000,0.0000,969.7156
17,2,18,407.1730,0.0000,0.0000,0.0000,0.0000,0.0000,517.3012
17,2,19,8.1180,0.0000,0.0000,0.0000,0.0000,0.0000,508.2812
17,2,20,0.0000,0.0000,0.0000,0.0000,0.0000,0.0000,508.2812
17,2,21,0.0000,0.0000,0.0000,0.0000,0.0000,0.0000,508.2812
17,2,22,0.0000,0.0000,0.0000,0.0000,0.0000,0.0000,508.2812
17,2,23,0.0000,0.0000,7.4531,0.0000,0.0000,0.0000,500.0000
18,0,0,30.1904,0.0000,0.0000,0.0000,0.0000,0.0000,466.4551
18,0,1,2.4421,0.0000,0.0000,0.0000,0.0000,0.0000,463.7418
18,0,2,0.0000,0.0000,0.0000,399.9997,0.0000,0.0000,843.7414
18,0,3,0.0000,0.0000,0.0000,0.0000,0.0000,0.0000,843.7414
18,0,4,373.0771,0.0000,0.0000,0.0000,0.0000,0.0000,429.2113
18,0,5,29.9925,0.0000,0.0000,0.0000,0.0000,0.0000,395.8863
18,0,6,22.3434,0.0000,0.0000,0.0000,0.0000,0.0000,371.0603
18,0,7,21.1829,0.0000,0.0000,0.0000,0.0000,0.0000,347.5237
18,0,8,0.0000,0.0000,0.0000,500.0000,0.0000,0.0000,822.5237
18,0,9,120.0000,0.0000,0.0000,0.0000,0.0000,0.0000,689.1904
18,0,10,500.0000,0.0000,0.0000,0.0000,0.0000,0.0000,133.6348
18,0,11,0.0000,0.0000,0.0000,0.0001,0.0000,0.0000,133.6349
18,0,12,0.0000,0.0000,0.0000,0.0001,0.0000,0.0000,133.6349
18,0,13,0.0000,0.0000,0.0000,394.7370,0.0000,0.0000,508.6350
18,0,14,0.0000,0.0000,0.0000,500.0000,0.0000,0.0000,983.6350
18,0,15,0.0000,0.0000,0.0000,0.0004,0.0000,0.0000,983.6353
18,0,16,10.6598,0.0000,0.0000,0.0000,0.0000,0.0000,971.7911
18,0,17,7.9095,0.0000,0.0000,0.0000,0.0000,0.0000,963.0028
18,0,18,6.4199,0.0000,0.0000,0.0000,0.0000,0.0000,955.8696
18,0,19,5.8953,0.0000,0.0000,0.0000,0.0000,0.0000,949.3194
18,0,20,0.0000,0.0000,0.0000,0.0000,0.0000,0.0000,949.3194
18,0,21,0.0000,0.0000,0.0000,0.0000,0.0000,0.0000,949.3194
18,0,22,0.0000,0.0000,0.0000,0.0000,0.0000,0.0000,949.3194
18,0,23,0.0000,0.0000,404.3874,0.0000,0.0000,0.0000,500.0000
18,1,0,19.6874,0.0000,0.0000,0.0000,0.0000,0.0000,478.1252
18,1,1,2.3517,0.0000,0.0000,0.0000,0.0000,0.0000,475.5122
18,1,2,0.0000,0.0000,0.0000,500.0000,0.0000,0.0000,950.5122
18,1,3,0.0000,0.0000,0.0000,0.0000,0.0000,0.0000,950.5122
18,1,4,0.0000,12.4255,0.0000,0.0000,0.0000,0.0000,936.7061
18,1,5,0.0000,10.2911,0.0000,0.0000,0.0000,0.0000,925.2716
18,1,6,0.0000,83.8388,0.0000,0.0000,0.0000,0.0000,832.1175
18,1,7,0.0000,7.8669,0.0000,0.0000,0.0000,0.0000,823.3765
18,1,8,0.0000,7.2885,0.0000,0.0000,0.0000,0.0000,815.2782
18,1,9,0.0000,500.0000,0.0000,0.0000,0.0000,0.0000,259.7226
18,1,10,0.0000,6.9061,0.0000,0.0000,0.0000,0.0000,252.0492
18,1,11,0.0000,0.0000,0.0000,0.0000,0.0001,0.0000,252.0492
18,1,12,0.0000,0.0000,0.0000,0.0000,0.0001,0.0000,252.0493
18,1,13,0.0000,0.0000,0.0000,0.0000,500.0000,0.0000,727.0493
18,1,14,0.0000,0.0000,0.0000,0.0000,0.0001,0.0000,727.0493
18,1,15,0.0000,0.0000,0.0000,0.0000,0.0001,0.0000,727.0493
18,1,16,0.0000,0.0000,0.0000,0.0000,253.9340,0.0000,968.2867
18,1,17,0.0000,0.0000,0.0000,0.0000,0.0000,0.0000,968.2867
18,1,18,0.0000,5.2264,0.0000,0.0000,0.0000,0.0000,962.4796
18,1,19,0.0000,4.6726,0.0000,0.0000,0.0000,0.0000,957.2878
18,1,20,0.0000,4.1838,0.0000,0.0000,0.0000,0.0000,952.6392
18,1,21,0.0000,3.8357,0.0000,0.0000,0.0000,0.0000,948.3773
18,1,22,0.0000,400.0001,0.0000,0.0000,0.0000,0.0000,503.9328
18,1,23,0.0000,3.5396,0.0000,0.0000,0.0000,0.0000,500.0000
18,2,0,46.6862,0.0000,0.0000,0.0000,0.0000,0.0000,448.1265
18,2,1,2.5164,0.0000,0.0000,0.0000,0.0000,0.0000,445.3305
18,2,2,0.0000,0.0000,0.0000,500.0000,0.0000,0.0000,920.3305
18,2,3,48.8639,0.0000,0.0000,0.0000,0.0000,0.0000,866.0373
18,2,4,20.8187,0.0000,0.0000,0.0000,0.0000,0.0000,842.9054
18,2,5,27.6082,0.0000,0.0000,0.0000,0.0000,0.0000,812.2296
18,2,6,141.0067,0.0000,0.0000,0.0000,0.0000,0.0000,655.5556
18,2,7,500.0000,0.0000,0.0000,0.0000,0.0000,0.0000,100.0000
18,2,8,0.0000,0.0000,0.0000,500.0000,0.0000,0.0000,575.0000
18,2,9,0.0000,0.0000,0.0000,199.6403,0.0000,0.0000,764.6583
18,2,10,116.2725,0.0000,0.0000,0.0000,0.0000,0.0000,635.4666
18,2,11,99.4201,0.0000,0.0000,0.0000,0.0000,0.0000,524.9999
18,2,12,0.0000,0.0000,0.0000,500.0000,0.0000,0.0000,999.9999
18,2,13,0.0001,0.0000,0.0000,0.0001,0.0000,0.0000,999.9999
18,2,14,20.7931,0.0000,0.0000,0.0000,0.0000,0.0000,976.8964
18,2,15,0.0000,0.0000,0.0000,0.0004,0.0000,0.0000,976.8968
18,2,16,7.3889,0.0000,0.0000,0.0000,0.0000,0.0000,968.6868
18,2,17,6.0949,0.0000,0.0000,0.0000,0.0000,0.0000,961.9148
18,2,18,405.0295,0.0000,0.0000,0.0000,0.0000,0.0000,511.8820
18,2,19,5.5014,0.0000,0.0000,0.0000,0.0000,0.0000,505.7693
18,2,20,0.0000,0.0000,0.0000,0.0000,0.0000,0.0000,505.7693
18,2,21,0.0000,0.0000,0.0000,0.0000,0.0000,0.0000,505.7693
18,2,22,0.0000,0.0000,0.0000,0.0000,0.0000,0.0000,505.7693
18,2,23,0.0000,0.0000,5.1924,0.0000,0.0000,0.0000,500.0000
19,0,0,28.6143,0.0000,0.0000,0.0000,0.0000,0.0000,468.2064
19,0,1,3.2467,0.0000,0.0000,0.0000,0.0000,0.0000,464.5990
19,0,2,0.0000,0.0000,0.0000,399.9997,0.0000,0.0000,844.5987
19,0,3,0.0000,0.0000,0.0000,0.0000,0.0000,0.0000,844.5987
19,0,4,372.3793,0.0000,0.0000,0.0000,0.0000,0.0000,430.8439
19,0,5,28.6016,0.0000,0.0000,0.0000,0.0000,0.0000,399.0644
19,0,6,21.2477,0.0000,0.0000,0.0000,0.0000,0.0000,375.4559
19,0,7,20.1122,0.0000,0.0000,0.0000,0.0000,0.0000,353.1090
19,0,8,0.0000,0.0000,0.0000,500.0000,0.0000,0.0000,828.1090
19,0,9,120.0001,0.0000,0.0000,0.0000,0.0000,0.0000,694.7756
19,0,10,500.0000,0.0000,0.0000,0.0000,0.0000,0.0000,139.2201
19,0,11,0.0001,0.0000,0.0000,0.0001,0.0000,0.0000,139.2201
19,0,12,22.3585,0.0000,0.0000,0.0000,0.0000,0.0000,114.3774
19,0,13,0.0000,0.0000,0.0000,394.7369,0.0000,0.0000,489.3774
19,0,14,0.0000,0.0000,0.0000,500.0000,0.0000,0.0000,964.3774
19,0,15,0.0000,0.0000,0.0000,25.3346,0.0000,0.0000,988.4452
19,0,16,9.4782,0.0000,0.0000,0.0000,0.0000,0.0000,977.9139
19,0,17,10.4263,0.0000,0.0000,0.0000,0.0000,0.0000,966.3291
19,0,18,7.7904,0.0000,0.0000,0.0000,0.0000,0.0000,957.6732
19,0,19,6.9242,0.0000,0.0000,0.0000,0.0000,0.0000,949.9796
19,0,20,0.0000,0.0000,0.0000,0.0000,0.0000,0.0000,949.9796
19,0,21,0.0000,0.0000,0.0000,0.0000,0.0000,0.0000,949.9796
19,0,22,0.0000,0.0000,0.0000,0.0000,0.0000,0.0000,949.9796
19,0,23,0.0000,0.0000,404.9817,0.0000,0.0000,0.0000,500.0000
19,1,0,19.7184,0.0000,0.0000,0.0000,0.0000,0.0000,478.0907
19,1,1,3.1090,0.0000,0.0000,0.0000,0.0000,0.0000,474.6363
19,1,2,0.0000,0.0000,0.0000,500.0000,0.0000,0.0000,949.6363
19,1,3,0.0000,0.0000,0.0000,0.0000,0.0000,0.0000,949.6363
19,1,4,0.0000,12.4178,0.0000,0.0000,0.0000,0.0000,935.8388
19,1,5,0.0000,10.3025,0.0000,0.0000,0.0000,0.0000,924.3915
19,1,6,0.0000,83.8961,0.0000,0.0000,0.0000,0.0000,831.1737
19,1,7,0.0000,7.8491,0.0000,0.0000,0.0000,0.0000,822.4525
19,1,8,0.0000,7.3049,0.0000,0.0000,0.0000,0.0000,814.3360
19,1,9,0.0000,500.0000,0.0000,0.0000,0.0000,0.0000,258.7804
19,1,10,0.0000,6.1217,0.0000,0.0000,0.0000,0.0000,251.9786
19,1,11,0.0000,0.0001,0.0000,0.0000,0.0001,0.0000,251.9787
19,1,12,0.0000,0.0001,0.0000,0.0000,0.0001,0.0000,251.9787
19,1,13,0.0000,0.0000,0.0000,0.0000,500.0000,0.0000,726.9787
19,1,14,0.0000,0.0001,0.0000,0.0000,0.0001,0.0000,726.9787
19,1,15,0.0000,0.0001,0.0000,0.0000,0.0001,0.0000,726.9788
19,1,16,0.0000,0.0000,0.0000,0.0000,253.9340,0.0000,968.2161
19,1,17,0.0000,0.0000,0.0000,0.0000,0.0000,0.0000,968.2161
19,1,18,0.0000,5.2274,0.0000,0.0000,0.0000,0.0000,962.4079
19,1,19,0.0000,4.6529,0.0000,0.0000,0.0000,0.0000,957.2380
19,1,20,0.0000,4.1676,0.0000,0.0000,0.0000,0.0000,952.6074
19,1,21,0.0000,3.8198,0.0000,0.0000,0.0000,0.0000,948.3632
19,1,22,0.0000,400.0001,0.0000,0.0000,0.0000,0.0000,503.9187
19,1,23,0.0000,3.5269,0.0000,0.0000,0.0000,0.0000,500.0000
19,2,0,46.1924,0.0000,0.0000,0.0000,0.0000,0.0000,448.6752
19,2,1,3.4011,0.0000,0.0000,0.0000,0.0000,0.0000,444.8962
19,2,2,0.0000,0.0000,0.0000,500.0000,0.0000,0.0000,919.8962
19,2,3,48.7508,0.0000,0.0000,0.0000,0.0000,0.0000,865.7286
19,2,4,20.5328,0.0000,0.0000,0.0000,0.0000,0.0000,842.9145
19,2,5,27.7436,0.0000,0.0000,0.0000,0.0000,0.0000,812.0883
19,2,6,140.8794,0.0000,0.0000,0.0000,0.0000,0.0000,655.5556
19,2,7,500.0000,0.0000,0.0000,0.0000,0.0000,0.0000,100.0001
19,2,8,0.0000,0.0000,0.0000,500.0000,0.0000,0.0000,575.0001
19,2,9,0.0000,0.0000,0.0000,190.4076,0.0000,0.0000,755.8872
19,2,10,98.0675,0.0000,0.0000,0.0000,0.0000,0.0000,646.9234
19,2,11,109.7312,0.0000,0.0000,0.0000,0.0000,0.0000,524.9999
19,2,12,0.0000,0.0000,0.0000,500.0000,0.0000,0.0000,999.9999
19,2,13,74.3785,0.0000,0.0000,0.0000,0.0000,0.0000,917.3572
19,2,14,35.0051,0.0000,0.0000,0.0000,0.0000,0.0000,878.4626
19,2,15,0.0000,0.0000,0.0000,113.1627,0.0000,0.0000,985.9672
19,2,16,7.9982,0.0000,0.0000,0.0000,0.0000,0.0000,977.0803
19,2,17,8.8026,0.0000,0.0000,0.0000,0.0000,0.0000,967.2997
19,2,18,406.5385,0.0000,0.0000,0.0000,0.0000,0.0000,515.5903
19,2,19,7.2626,0.0000,0.0000,0.0000,0.0000,0.0000,507.5208
19,2,20,0.0000,0.0000,0.0000,0.0000,0.0000,0.0000,507.5208
19,2,21,0.0000,0.0000,0.0000,0.0000,0.0000,0.0000,507.5208
19,2,22,0.0000,0.0000,0.0000,0.0000,0.0000,0.0000,507.5208
19,2,23,0.0000,0.0000,6.7687,0.0000,0.0000,0.0000,500.0000
